INDEX,L1_UTM_X,L1_UTM_Y,L1_LON,L1_LAT,R1_UTM_X,R1_UTM_Y,R1_LON,R1_LAT
0,250297.3568,3688260.115,126.3181162,33.30454644,250298.7168,3688258.636,126.3181312,33.30453343
1,250297.4955,3688260.259,126.3181177,33.30454777,250298.8847,3688258.812,126.318133,33.30453506
2,250297.63,3688260.399,126.3181191,33.30454906,250299.0474,3688258.982,126.3181347,33.30453663
3,250297.7573,3688260.531,126.3181204,33.30455028,250299.2014,3688259.143,126.3181363,33.30453811
4,250297.8744,3688260.653,126.3181216,33.30455141,250299.3431,3688259.292,126.3181378,33.30453949
5,250297.9786,3688260.761,126.3181227,33.30455241,250299.4691,3688259.424,126.3181391,33.30454071
6,250298.0669,3688260.854,126.3181236,33.30455326,250299.5757,3688259.537,126.3181402,33.30454175
7,250298.1363,3688260.927,126.3181244,33.30455394,250299.6595,3688259.627,126.3181411,33.30454258
8,250298.184,3688260.979,126.3181249,33.30455442,250299.717,3688259.69,126.3181417,33.30454316
9,250298.3182,3688261.127,126.3181263,33.30455578,250299.8495,3688259.839,126.3181431,33.30454453
10,250298.4506,3688261.277,126.3181276,33.30455716,250299.9825,3688259.989,126.3181444,33.30454591
11,250298.5858,3688261.424,126.3181291,33.30455852,250300.1179,3688260.136,126.3181458,33.30454727
12,250298.7202,3688261.572,126.3181305,33.30455989,250300.2546,3688260.282,126.3181473,33.30454862
13,250298.8614,3688261.714,126.3181319,33.3045612,250300.3945,3688260.425,126.3181487,33.30454994
14,250298.992,3688261.865,126.3181333,33.30456259,250300.5231,3688260.578,126.3181501,33.30455135
15,250299.1193,3688262.019,126.3181346,33.30456401,250300.6504,3688260.732,126.3181514,33.30455276
16,250299.2463,3688262.173,126.3181359,33.30456542,250300.7773,3688260.886,126.3181527,33.30455418
17,250299.3749,3688262.327,126.3181373,33.30456684,250300.9059,3688261.04,126.3181541,33.3045556
18,250299.5044,3688262.479,126.3181386,33.30456824,250301.0365,3688261.191,126.3181554,33.30455699
19,250299.6412,3688262.625,126.31814,33.30456959,250301.1737,3688261.337,126.3181568,33.30455834
20,250299.7749,3688262.773,126.3181414,33.30457095,250301.3067,3688261.486,126.3181582,33.30455971
21,250299.9092,3688262.922,126.3181428,33.30457232,250301.4411,3688261.634,126.3181596,33.30456107
22,250300.0429,3688263.07,126.3181442,33.30457369,250301.574,3688261.784,126.318161,33.30456246
23,250300.1699,3688263.225,126.3181456,33.30457511,250301.701,3688261.938,126.3181623,33.30456387
24,250300.2972,3688263.379,126.3181469,33.30457653,250301.8283,3688262.092,126.3181637,33.30456529
25,250300.4234,3688263.534,126.3181482,33.30457796,250301.9549,3688262.247,126.318165,33.30456672
26,250300.5464,3688263.692,126.3181495,33.30457941,250302.0784,3688262.404,126.3181663,33.30456816
27,250300.6696,3688263.85,126.3181507,33.30458086,250302.2015,3688262.562,126.3181675,33.30456961
28,250300.7941,3688264.006,126.318152,33.3045823,250302.3254,3688262.719,126.3181688,33.30457106
29,250300.9221,3688264.16,126.3181534,33.30458371,250302.4532,3688262.873,126.3181702,33.30457247
30,250301.0499,3688264.314,126.3181547,33.30458513,250302.5809,3688263.027,126.3181715,33.30457389
31,250301.1782,3688264.467,126.318156,33.30458654,250302.7093,3688263.18,126.3181728,33.3045753
32,250301.3104,3688264.617,126.3181574,33.30458792,250302.8418,3688263.33,126.3181742,33.30457668
33,250301.4427,3688264.767,126.3181588,33.3045893,250302.9743,3688263.48,126.3181756,33.30457806
34,250301.5759,3688264.916,126.3181602,33.30459068,250303.1069,3688263.629,126.318177,33.30457944
35,250301.7028,3688265.071,126.3181615,33.3045921,250303.234,3688263.784,126.3181783,33.30458086
36,250301.8368,3688265.219,126.3181629,33.30459347,250303.3698,3688263.931,126.3181797,33.30458222
37,250301.9741,3688265.365,126.3181643,33.30459481,250303.507,3688264.076,126.3181811,33.30458356
38,250302.1095,3688265.512,126.3181657,33.30459617,250303.6407,3688264.225,126.3181825,33.30458493
39,250302.2389,3688265.664,126.3181671,33.30459757,250303.7701,3688264.377,126.3181839,33.30458633
40,250302.3703,3688265.815,126.3181684,33.30459896,250303.9016,3688264.528,126.3181852,33.30458772
41,250302.5013,3688265.966,126.3181698,33.30460035,250304.0331,3688264.679,126.3181866,33.30458911
42,250302.6201,3688266.127,126.318171,33.30460183,250304.1511,3688264.84,126.3181878,33.30459059
43,250302.7553,3688266.274,126.3181725,33.30460319,250304.2864,3688264.987,126.3181892,33.30459194
44,250302.8832,3688266.428,126.3181738,33.3046046,250304.4142,3688265.141,126.3181906,33.30459336
45,250303.0141,3688266.579,126.3181751,33.30460599,250304.5452,3688265.292,126.3181919,33.30459475
46,250303.14,3688266.735,126.3181765,33.30460743,250304.6709,3688265.448,126.3181932,33.30459619
47,250303.2689,3688266.887,126.3181778,33.30460883,250304.8001,3688265.6,126.3181946,33.30459759
48,250303.394,3688267.044,126.3181791,33.30461027,250304.9252,3688265.756,126.3181959,33.30459902
49,250303.5209,3688267.198,126.3181804,33.30461169,250305.0519,3688265.911,126.3181972,33.30460045
50,250303.6501,3688267.351,126.3181818,33.3046131,250305.1812,3688266.064,126.3181985,33.30460186
51,250303.7811,3688267.502,126.3181831,33.30461449,250305.3123,3688266.215,126.3181999,33.30460325
52,250303.9054,3688267.659,126.3181844,33.30461593,250305.4371,3688266.371,126.3182012,33.30460468
53,250304.0294,3688267.815,126.3181857,33.30461737,250305.5603,3688266.529,126.3182025,33.30460613
54,250304.1609,3688267.966,126.3181871,33.30461876,250305.6935,3688266.678,126.3182039,33.30460751
55,250304.2985,3688268.111,126.3181885,33.30462009,250305.8308,3688266.823,126.3182053,33.30460884
56,250304.4314,3688268.261,126.3181899,33.30462148,250305.9623,3688266.974,126.3182067,33.30461024
57,250304.5583,3688268.415,126.3181912,33.30462289,250306.0897,3688267.128,126.318208,33.30461165
58,250304.6823,3688268.572,126.3181925,33.30462434,250306.2131,3688267.285,126.3182093,33.3046131
59,250304.8151,3688268.722,126.3181939,33.30462572,250306.347,3688267.434,126.3182107,33.30461447
60,250304.9501,3688268.869,126.3181953,33.30462708,250306.4813,3688267.582,126.3182121,33.30461583
61,250305.0787,3688269.022,126.3181966,33.30462848,250306.61,3688267.735,126.3182134,33.30461724
62,250305.2026,3688269.179,126.3181979,33.30462993,250306.7339,3688267.892,126.3182147,33.30461869
63,250305.3298,3688269.334,126.3181992,33.30463135,250306.8608,3688268.047,126.318216,33.30462011
64,250305.4598,3688269.486,126.3182006,33.30463275,250306.9915,3688268.198,126.3182174,33.3046215
65,250305.5952,3688269.633,126.318202,33.30463411,250307.1265,3688268.346,126.3182188,33.30462287
66,250305.7248,3688269.785,126.3182033,33.30463551,250307.2564,3688268.498,126.3182201,33.30462427
67,250305.8606,3688269.932,126.3182048,33.30463686,250307.3918,3688268.645,126.3182215,33.30462562
68,250305.9885,3688270.086,126.3182061,33.30463828,250307.5196,3688268.799,126.3182229,33.30462704
69,250306.1209,3688270.236,126.3182075,33.30463966,250307.6527,3688268.948,126.3182243,33.30462841
70,250306.2551,3688270.384,126.3182089,33.30464103,250307.7877,3688269.096,126.3182257,33.30462978
71,250306.3923,3688270.529,126.3182103,33.30464237,250307.9231,3688269.243,126.3182271,33.30463113
72,250306.5162,3688270.686,126.3182116,33.30464381,250308.0473,3688269.399,126.3182284,33.30463257
73,250306.6445,3688270.84,126.3182129,33.30464523,250308.1763,3688269.552,126.3182297,33.30463398
74,250306.7806,3688270.986,126.3182143,33.30464657,250308.3122,3688269.699,126.3182311,33.30463533
75,250306.9109,3688271.138,126.3182157,33.30464797,250308.4422,3688269.851,126.3182325,33.30463673
76,250307.0341,3688271.295,126.318217,33.30464942,250308.5657,3688270.008,126.3182338,33.30463818
77,250307.1591,3688271.452,126.3182183,33.30465086,250308.6904,3688270.164,126.3182351,33.30463961
78,250307.2854,3688271.607,126.3182196,33.30465229,250308.8166,3688270.32,126.3182364,33.30464104
79,250307.4185,3688271.756,126.318221,33.30465366,250308.9497,3688270.469,126.3182378,33.30464242
80,250307.5477,3688271.909,126.3182223,33.30465507,250309.079,3688270.622,126.3182391,33.30464383
81,250307.6714,3688272.066,126.3182236,33.30465651,250309.2034,3688270.778,126.3182404,33.30464526
82,250307.7933,3688272.224,126.3182249,33.30465796,250309.3259,3688270.936,126.3182417,33.30464671
83,250307.9156,3688272.383,126.3182261,33.30465942,250309.4468,3688271.095,126.3182429,33.30464817
84,250308.0447,3688272.535,126.3182275,33.30466082,250309.5757,3688271.248,126.3182443,33.30464958
85,250308.1715,3688272.69,126.3182288,33.30466225,250309.7031,3688271.403,126.3182456,33.30465101
86,250308.295,3688272.847,126.3182301,33.30466369,250309.8265,3688271.56,126.3182469,33.30465245
87,250308.4192,3688273.004,126.3182314,33.30466514,250309.9516,3688271.716,126.3182482,33.30465389
88,250308.538,3688273.165,126.3182326,33.30466661,250310.0724,3688271.875,126.3182494,33.30465535
89,250308.6552,3688273.327,126.3182338,33.3046681,250310.1903,3688272.037,126.3182506,33.30465683
90,250308.7733,3688273.488,126.318235,33.30466958,250310.3078,3688272.199,126.3182519,33.30465832
91,250308.8912,3688273.65,126.3182363,33.30467107,250310.4261,3688272.36,126.3182531,33.3046598
92,250309.0097,3688273.811,126.3182375,33.30467254,250310.5434,3688272.522,126.3182543,33.30466128
93,250309.132,3688273.969,126.3182388,33.304674,250310.6627,3688272.682,126.3182555,33.30466275
94,250309.2648,3688274.119,126.3182401,33.30467538,250310.7966,3688272.831,126.3182569,33.30466413
95,250309.3989,3688274.267,126.3182415,33.30467674,250310.9306,3688272.98,126.3182583,33.3046655
96,250309.5321,3688274.416,126.3182429,33.30467812,250311.0649,3688273.128,126.3182597,33.30466687
97,250309.6698,3688274.561,126.3182444,33.30467945,250311.2013,3688273.274,126.3182611,33.30466821
98,250309.7994,3688274.714,126.3182457,33.30468086,250311.3305,3688273.427,126.3182625,33.30466962
99,250309.9297,3688274.865,126.3182471,33.30468225,250311.4608,3688273.578,126.3182638,33.30467101
100,250310.0547,3688275.021,126.3182484,33.30468369,250311.5864,3688273.734,126.3182652,33.30467245
101,250310.1778,3688275.179,126.3182496,33.30468514,250311.7097,3688273.891,126.3182664,33.30467389
102,250310.3014,3688275.336,126.3182509,33.30468658,250311.8333,3688274.049,126.3182677,33.30467534
103,250310.4251,3688275.493,126.3182522,33.30468803,250311.9563,3688274.206,126.318269,33.30467679
104,250310.5531,3688275.647,126.3182535,33.30468944,250312.0842,3688274.36,126.3182703,33.3046782
105,250310.6804,3688275.801,126.3182549,33.30469086,250312.2116,3688274.514,126.3182716,33.30467962
106,250310.8127,3688275.951,126.3182562,33.30469224,250312.346,3688274.662,126.318273,33.30468098
107,250310.9514,3688276.095,126.3182577,33.30469357,250312.4843,3688274.807,126.3182745,33.30468232
108,250311.0858,3688276.243,126.3182591,33.30469494,250312.6173,3688274.956,126.3182759,33.3046837
109,250311.2183,3688276.393,126.3182605,33.30469632,250312.7498,3688275.106,126.3182773,33.30468508
110,250311.3509,3688276.543,126.3182619,33.3046977,250312.8824,3688275.256,126.3182786,33.30468646
111,250311.4833,3688276.693,126.3182632,33.30469908,250313.0148,3688275.405,126.31828,33.30468783
112,250311.616,3688276.842,126.3182646,33.30470046,250313.1474,3688275.555,126.3182814,33.30468922
113,250311.7483,3688276.992,126.318266,33.30470184,250313.2798,3688275.705,126.3182828,33.3046906
114,250311.8811,3688277.142,126.3182674,33.30470322,250313.4123,3688275.855,126.3182842,33.30469198
115,250312.0046,3688277.299,126.3182687,33.30470466,250313.5353,3688276.013,126.3182854,33.30469343
116,250312.1368,3688277.449,126.31827,33.30470605,250313.6682,3688276.162,126.3182868,33.30469481
117,250312.2692,3688277.599,126.3182714,33.30470743,250313.8014,3688276.311,126.3182882,33.30469618
118,250312.4048,3688277.746,126.3182728,33.30470878,250313.938,3688276.457,126.3182896,33.30469753
119,250312.5431,3688277.891,126.3182743,33.30471012,250314.0738,3688276.604,126.3182911,33.30469888
120,250312.6668,3688278.048,126.3182756,33.30471157,250314.1979,3688276.761,126.3182923,33.30470033
121,250312.7935,3688278.202,126.3182769,33.30471298,250314.3258,3688276.915,126.3182937,33.30470174
122,250312.9141,3688278.362,126.3182781,33.30471445,250314.4451,3688277.075,126.3182949,33.30470321
123,250313.0457,3688278.512,126.3182795,33.30471583,250314.5768,3688277.225,126.3182963,33.30470459
124,250313.1764,3688278.664,126.3182809,33.30471723,250314.7076,3688277.377,126.3182976,33.30470599
125,250313.3011,3688278.82,126.3182821,33.30471867,250314.8319,3688277.533,126.3182989,33.30470743
126,250313.4319,3688278.971,126.3182835,33.30472006,250314.9632,3688277.684,126.3183003,33.30470882
127,250313.5561,3688279.128,126.3182848,33.3047215,250315.0872,3688277.841,126.3183016,33.30471026
128,250313.6835,3688279.282,126.3182861,33.30472292,250315.2145,3688277.995,126.3183029,33.30471168
129,250313.8101,3688279.437,126.3182874,33.30472435,250315.3418,3688278.15,126.3183042,33.30471311
130,250313.9333,3688279.595,126.3182887,33.3047258,250315.4648,3688278.307,126.3183055,33.30471455
131,250314.0596,3688279.75,126.31829,33.30472722,250315.591,3688278.463,126.3183068,33.30471598
132,250314.1937,3688279.898,126.3182914,33.30472859,250315.7246,3688278.611,126.3183082,33.30471735
133,250314.3217,3688280.052,126.3182928,33.30473001,250315.8529,3688278.765,126.3183095,33.30471876
134,250314.4482,3688280.207,126.3182941,33.30473143,250315.9792,3688278.92,126.3183109,33.30472019
135,250314.5758,3688280.361,126.3182954,33.30473285,250316.1071,3688279.074,126.3183122,33.30472161
136,250314.7015,3688280.516,126.3182967,33.30473427,250316.2332,3688279.229,126.3183135,33.30472303
137,250314.8376,3688280.663,126.3182981,33.30473563,250316.3684,3688279.376,126.3183149,33.30472439
138,250314.9616,3688280.82,126.3182994,33.30473707,250316.4943,3688279.531,126.3183162,33.30472582
139,250315.0821,3688280.979,126.3183007,33.30473853,250316.6138,3688279.692,126.3183175,33.30472729
140,250315.2087,3688281.134,126.318302,33.30473996,250316.7403,3688279.847,126.3183188,33.30472872
141,250315.3317,3688281.292,126.3183033,33.30474141,250316.8636,3688280.004,126.31832,33.30473016
142,250315.4556,3688281.449,126.3183045,33.30474286,250316.9872,3688280.161,126.3183213,33.30473161
143,250315.5809,3688281.605,126.3183058,33.30474429,250317.1119,3688280.318,126.3183226,33.30473305
144,250315.7094,3688281.758,126.3183072,33.3047457,250317.2407,3688280.471,126.318324,33.30473446
145,250315.842,3688281.908,126.3183086,33.30474708,250317.3734,3688280.62,126.3183253,33.30473583
146,250315.9744,3688282.058,126.3183099,33.30474846,250317.5058,3688280.77,126.3183267,33.30473721
147,250316.1065,3688282.208,126.3183113,33.30474985,250317.6374,3688280.921,126.3183281,33.3047386
148,250316.2342,3688282.362,126.3183126,33.30475126,250317.7652,3688281.075,126.3183294,33.30474002
149,250316.3634,3688282.514,126.318314,33.30475266,250317.8944,3688281.227,126.3183308,33.30474142
150,250316.4909,3688282.668,126.3183153,33.30475408,250318.0231,3688281.38,126.3183321,33.30474283
151,250316.6117,3688282.828,126.3183166,33.30475555,250318.1437,3688281.54,126.3183334,33.3047443
152,250316.7359,3688282.984,126.3183179,33.30475698,250318.2682,3688281.697,126.3183347,33.30474574
153,250316.8559,3688283.144,126.3183191,33.30475845,250318.3896,3688281.855,126.3183359,33.30474719
154,250316.9761,3688283.304,126.3183203,33.30475992,250318.5085,3688282.016,126.3183371,33.30474867
155,250317.1011,3688283.46,126.3183216,33.30476136,250318.6324,3688282.173,126.3183384,33.30475012
156,250317.2271,3688283.616,126.318323,33.30476279,250318.7582,3688282.329,126.3183397,33.30475155
157,250317.3546,3688283.77,126.3183243,33.30476421,250318.8865,3688282.482,126.3183411,33.30475296
158,250317.4905,3688283.916,126.3183257,33.30476556,250319.0233,3688282.628,126.3183425,33.30475431
159,250317.6268,3688284.063,126.3183271,33.30476691,250319.1579,3688282.776,126.3183439,33.30475567
160,250317.7555,3688284.216,126.3183285,33.30476832,250319.2865,3688282.929,126.3183452,33.30475708
161,250317.8854,3688284.368,126.3183298,33.30476972,250319.4165,3688283.081,126.3183466,33.30475848
162,250318.0158,3688284.52,126.3183312,33.30477112,250319.5468,3688283.233,126.3183479,33.30475988
163,250318.1418,3688284.675,126.3183325,33.30477254,250319.6734,3688283.388,126.3183493,33.3047613
164,250318.266,3688284.832,126.3183338,33.30477399,250319.7974,3688283.544,126.3183506,33.30476274
165,250318.3915,3688284.987,126.3183351,33.30477541,250319.9226,3688283.7,126.3183519,33.30476417
166,250318.524,3688285.137,126.3183364,33.3047768,250320.0551,3688283.85,126.3183532,33.30476555
167,250318.654,3688285.289,126.3183378,33.3047782,250320.1855,3688284.002,126.3183546,33.30476695
168,250318.7773,3688285.447,126.3183391,33.30477965,250320.3093,3688284.159,126.3183559,33.3047684
169,250318.9009,3688285.604,126.3183404,33.30478109,250320.4323,3688284.317,126.3183572,33.30476985
170,250319.027,3688285.759,126.3183417,33.30478252,250320.5583,3688284.472,126.3183585,33.30477128
171,250319.1498,3688285.917,126.3183429,33.30478397,250320.6831,3688284.628,126.3183598,33.30477271
172,250319.2689,3688286.078,126.3183442,33.30478545,250320.8019,3688284.789,126.318361,33.30477419
173,250319.3925,3688286.235,126.3183455,33.30478689,250320.9235,3688284.948,126.3183622,33.30477565
174,250319.5211,3688286.388,126.3183468,33.3047883,250321.0522,3688285.101,126.3183636,33.30477706
175,250319.6523,3688286.539,126.3183482,33.30478969,250321.1838,3688285.252,126.318365,33.30477845
176,250319.7851,3688286.688,126.3183496,33.30479106,250321.3177,3688285.4,126.3183664,33.30477981
177,250319.9216,3688286.835,126.318351,33.30479242,250321.4534,3688285.547,126.3183678,33.30478117
178,250320.0538,3688286.985,126.3183524,33.3047938,250321.5847,3688285.698,126.3183691,33.30478256
179,250320.1824,3688287.138,126.3183537,33.30479521,250321.7147,3688285.85,126.3183705,33.30478396
180,250320.3193,3688287.284,126.3183551,33.30479656,250321.8511,3688285.996,126.3183719,33.30478531
181,250320.4516,3688287.433,126.3183565,33.30479793,250321.9825,3688286.147,126.3183733,33.3047867
182,250320.5796,3688287.587,126.3183578,33.30479935,250322.1109,3688286.3,126.3183746,33.30478811
183,250320.7123,3688287.737,126.3183592,33.30480073,250322.2448,3688286.449,126.318376,33.30478948
184,250320.8484,3688287.883,126.3183606,33.30480208,250322.3811,3688286.595,126.3183774,33.30479083
185,250320.9842,3688288.03,126.318362,33.30480343,250322.5152,3688286.743,126.3183788,33.30479219
186,250321.1124,3688288.184,126.3183634,33.30480485,250322.6441,3688286.896,126.3183802,33.3047936
187,250321.2351,3688288.342,126.3183647,33.3048063,250322.7672,3688287.054,126.3183814,33.30479505
188,250321.3589,3688288.499,126.3183659,33.30480774,250322.8897,3688287.212,126.3183827,33.3047965
189,250321.4867,3688288.652,126.3183673,33.30480915,250323.0186,3688287.365,126.3183841,33.30479791
190,250321.6081,3688288.811,126.3183685,33.30481061,250323.1404,3688287.523,126.3183853,33.30479936
191,250321.7321,3688288.968,126.3183698,33.30481206,250323.2629,3688287.681,126.3183866,33.30480082
192,250321.8631,3688289.119,126.3183712,33.30481345,250323.3964,3688287.83,126.318388,33.30480219
193,250321.9794,3688289.281,126.3183724,33.30481493,250323.513,3688287.993,126.3183892,33.30480368
194,250322.1029,3688289.439,126.3183737,33.30481639,250323.6343,3688288.152,126.3183904,33.30480515
195,250322.2282,3688289.595,126.318375,33.30481782,250323.7604,3688288.307,126.3183918,33.30480657
196,250322.3504,3688289.753,126.3183762,33.30481927,250323.8822,3688288.466,126.318393,33.30480803
197,250322.4754,3688289.909,126.3183775,33.30482071,250324.0071,3688288.622,126.3183943,33.30480947
198,250322.5997,3688290.066,126.3183788,33.30482215,250324.1311,3688288.779,126.3183956,33.30481091
199,250322.7258,3688290.221,126.3183801,33.30482358,250324.2569,3688288.934,126.3183969,33.30481234
200,250322.8507,3688290.377,126.3183814,33.30482501,250324.3836,3688289.089,126.3183982,33.30481376
201,250322.9701,3688290.537,126.3183827,33.30482648,250324.5016,3688289.25,126.3183995,33.30481524
202,250323.1091,3688290.681,126.3183841,33.30482781,250324.6414,3688289.393,126.3184009,33.30481656
203,250323.225,3688290.843,126.3183853,33.3048293,250324.7558,3688289.557,126.3184021,33.30481806
204,250323.3575,3688290.993,126.3183867,33.30483068,250324.8887,3688289.706,126.3184035,33.30481944
205,250323.4883,3688291.144,126.3183881,33.30483207,250325.0197,3688289.857,126.3184048,33.30482083
206,250323.6202,3688291.295,126.3183894,33.30483346,250325.1513,3688290.008,126.3184062,33.30482222
207,250323.7464,3688291.45,126.3183907,33.30483489,250325.2774,3688290.163,126.3184075,33.30482365
208,250323.8759,3688291.602,126.3183921,33.30483629,250325.4075,3688290.315,126.3184089,33.30482504
209,250324.0002,3688291.759,126.3183934,33.30483773,250325.5312,3688290.472,126.3184102,33.30482649
210,250324.1332,3688291.908,126.3183948,33.3048391,250325.6659,3688290.62,126.3184116,33.30482785
211,250324.2705,3688292.054,126.3183962,33.30484045,250325.8012,3688290.767,126.318413,33.30482921
212,250324.3965,3688292.209,126.3183975,33.30484188,250325.9276,3688290.922,126.3184143,33.30483063
213,250324.5244,3688292.363,126.3183988,33.30484329,250326.0569,3688291.075,126.3184156,33.30483204
214,250324.6617,3688292.508,126.3184003,33.30484463,250326.1939,3688291.22,126.3184171,33.30483338
215,250324.7948,3688292.657,126.3184017,33.304846,250326.3263,3688291.37,126.3184184,33.30483476
216,250324.9269,3688292.807,126.318403,33.30484739,250326.4581,3688291.521,126.3184198,33.30483615
217,250325.0569,3688292.959,126.3184044,33.30484879,250326.5882,3688291.672,126.3184212,33.30483754
218,250325.1823,3688293.115,126.3184057,33.30485022,250326.7134,3688291.828,126.3184225,33.30483898
219,250325.3102,3688293.269,126.318407,33.30485164,250326.8412,3688291.982,126.3184238,33.3048404
220,250325.4409,3688293.42,126.3184084,33.30485303,250326.9745,3688292.131,126.3184252,33.30484177
221,250325.5797,3688293.564,126.3184098,33.30485436,250327.1153,3688292.273,126.3184267,33.30484308
222,250325.7205,3688293.706,126.3184113,33.30485567,250327.2532,3688292.418,126.3184281,33.30484442
223,250325.8543,3688293.855,126.3184127,33.30485704,250327.3854,3688292.568,126.3184295,33.3048458
224,250325.9831,3688294.008,126.318414,33.30485845,250327.5151,3688292.72,126.3184308,33.3048472
225,250326.1047,3688294.167,126.3184153,33.30485991,250327.6372,3688292.879,126.3184321,33.30484866
226,250326.2278,3688294.324,126.3184166,33.30486136,250327.7584,3688293.038,126.3184334,33.30485012
227,250326.3588,3688294.475,126.3184179,33.30486275,250327.8907,3688293.188,126.3184347,33.30485151
228,250326.4937,3688294.623,126.3184193,33.30486411,250328.0246,3688293.336,126.3184361,33.30485287
229,250326.6171,3688294.78,126.3184206,33.30486555,250328.1482,3688293.494,126.3184374,33.30485432
230,250326.7449,3688294.934,126.318422,33.30486697,250328.2763,3688293.647,126.3184387,33.30485573
231,250326.8775,3688295.084,126.3184233,33.30486835,250328.4089,3688293.797,126.3184401,33.30485711
232,250327.0091,3688295.234,126.3184247,33.30486974,250328.5401,3688293.948,126.3184415,33.3048585
233,250327.1371,3688295.388,126.318426,33.30487115,250328.6683,3688294.101,126.3184428,33.30485991
234,250327.2686,3688295.539,126.3184274,33.30487254,250328.8,3688294.252,126.3184442,33.3048613
235,250327.4002,3688295.689,126.3184288,33.30487393,250328.9314,3688294.403,126.3184456,33.30486269
236,250327.5308,3688295.841,126.3184301,33.30487533,250329.0624,3688294.554,126.3184469,33.30486409
237,250327.6637,3688295.99,126.3184315,33.3048767,250329.1946,3688294.704,126.3184483,33.30486547
238,250327.7917,3688296.144,126.3184329,33.30487812,250329.3235,3688294.857,126.3184496,33.30486688
239,250327.9259,3688296.292,126.3184343,33.30487948,250329.4582,3688295.004,126.318451,33.30486823
240,250328.0609,3688296.44,126.3184357,33.30488085,250329.5926,3688295.153,126.3184525,33.30486961
241,250328.1936,3688296.59,126.318437,33.30488223,250329.7266,3688295.301,126.3184538,33.30487097
242,250328.3307,3688296.735,126.3184385,33.30488357,250329.8638,3688295.447,126.3184553,33.30487232
243,250328.4668,3688296.882,126.3184399,33.30488492,250329.9986,3688295.594,126.3184567,33.30487367
244,250328.5998,3688297.031,126.3184413,33.3048863,250330.1329,3688295.742,126.3184581,33.30487504
245,250328.7372,3688297.176,126.3184427,33.30488763,250330.2701,3688295.888,126.3184595,33.30487638
246,250328.8729,3688297.323,126.3184441,33.30488899,250330.407,3688296.034,126.3184609,33.30487773
247,250329.0118,3688297.467,126.3184456,33.30489032,250330.5449,3688296.179,126.3184624,33.30487907
248,250329.1471,3688297.614,126.318447,33.30489168,250330.6788,3688296.327,126.3184638,33.30488043
249,250329.2796,3688297.764,126.3184484,33.30489306,250330.8108,3688296.477,126.3184652,33.30488182
250,250329.4123,3688297.914,126.3184498,33.30489444,250330.9487,3688296.622,126.3184666,33.30488315
251,250329.5546,3688298.054,126.3184512,33.30489573,250331.0902,3688296.763,126.3184681,33.30488446
252,250329.6941,3688298.197,126.3184527,33.30489706,250331.2285,3688296.907,126.3184695,33.30488579
253,250329.8339,3688298.34,126.3184542,33.30489838,250331.3657,3688297.053,126.318471,33.30488713
254,250329.9661,3688298.49,126.3184555,33.30489976,250331.5003,3688297.2,126.3184724,33.30488849
255,250330.1058,3688298.633,126.318457,33.30490108,250331.6422,3688297.341,126.3184738,33.30488979
256,250330.2477,3688298.774,126.3184585,33.30490238,250331.7897,3688297.476,126.3184754,33.30489104
257,250330.3946,3688298.91,126.31846,33.30490364,250331.9309,3688297.617,126.3184769,33.30489235
258,250330.5326,3688299.054,126.3184615,33.30490497,250332.0641,3688297.767,126.3184782,33.30489373
259,250330.6648,3688299.204,126.3184628,33.30490635,250332.1963,3688297.917,126.3184796,33.30489511
260,250330.7969,3688299.354,126.3184642,33.30490774,250332.3285,3688298.067,126.318481,33.30489649
261,250330.9295,3688299.504,126.3184656,33.30490912,250332.4605,3688298.217,126.3184824,33.30489788
262,250331.0596,3688299.656,126.3184669,33.30491052,250332.5906,3688298.369,126.3184837,33.30489928
263,250331.1855,3688299.811,126.3184683,33.30491194,250332.7158,3688298.524,126.318485,33.30490071
264,250331.3189,3688299.96,126.3184696,33.30491332,250332.8482,3688298.675,126.3184864,33.30490209
265,250331.4475,3688300.113,126.318471,33.30491472,250332.9779,3688298.827,126.3184878,33.30490349
266,250331.5595,3688300.278,126.3184721,33.30491624,250333.0961,3688298.989,126.318489,33.30490498
267,250331.6736,3688300.443,126.3184733,33.30491775,250333.207,3688299.155,126.3184901,33.3049065
268,250331.7923,3688300.603,126.3184746,33.30491922,250333.3201,3688299.32,126.3184913,33.30490801
269,250331.9125,3688300.763,126.3184758,33.30492069,250333.4375,3688299.482,126.3184925,33.3049095
270,250332.0361,3688300.921,126.3184771,33.30492214,250333.5562,3688299.642,126.3184937,33.30491097
271,250332.17,3688301.069,126.3184785,33.3049235,250333.6886,3688299.792,126.3184951,33.30491235
272,250332.2941,3688301.226,126.3184798,33.30492495,250333.8101,3688299.951,126.3184964,33.30491382
273,250332.43,3688301.372,126.3184812,33.30492629,250333.9431,3688300.1,126.3184978,33.30491519
274,250332.5542,3688301.528,126.3184825,33.30492773,250334.0671,3688300.258,126.3184991,33.30491663
275,250332.6756,3688301.687,126.3184837,33.30492919,250334.1851,3688300.419,126.3185003,33.30491811
276,250332.8011,3688301.843,126.318485,33.30493062,250334.3052,3688300.579,126.3185015,33.30491959
277,250332.932,3688301.994,126.3184864,33.30493202,250334.4335,3688300.733,126.3185029,33.304921
278,250333.0602,3688302.148,126.3184877,33.30493343,250334.5579,3688300.889,126.3185041,33.30492244
279,250333.1904,3688302.299,126.3184891,33.30493483,250334.6846,3688301.044,126.3185055,33.30492386
280,250333.3193,3688302.453,126.3184904,33.30493624,250334.8103,3688301.2,126.3185068,33.3049253
281,250333.4435,3688302.609,126.3184917,33.30493768,250334.932,3688301.359,126.318508,33.30492676
282,250333.5625,3688302.769,126.3184929,33.30493915,250335.0492,3688301.521,126.3185092,33.30492824
283,250333.683,3688302.929,126.3184942,33.30494062,250335.1629,3688301.686,126.3185104,33.30492975
284,250333.8085,3688303.085,126.3184955,33.30494205,250335.2824,3688301.846,126.3185117,33.30493123
285,250333.9354,3688303.24,126.3184968,33.30494347,250335.4035,3688302.005,126.3185129,33.30493269
286,250334.0676,3688303.39,126.3184982,33.30494485,250335.5314,3688302.159,126.3185142,33.30493411
287,250334.2016,3688303.537,126.3184996,33.30494622,250335.6601,3688302.313,126.3185156,33.30493552
288,250334.3333,3688303.688,126.318501,33.30494761,250335.7868,3688302.467,126.3185169,33.30493694
289,250334.4665,3688303.838,126.3185024,33.30494899,250335.9151,3688302.62,126.3185182,33.30493835
290,250334.6026,3688303.985,126.3185038,33.30495034,250336.0448,3688302.772,126.3185196,33.30493975
291,250334.735,3688304.134,126.3185052,33.30495172,250336.1725,3688302.927,126.3185209,33.30494117
292,250334.8727,3688304.28,126.3185066,33.30495306,250336.3046,3688303.076,126.3185223,33.30494255
293,250335.0102,3688304.425,126.318508,33.3049544,250336.4369,3688303.226,126.3185237,33.30494393
294,250335.1506,3688304.568,126.3185095,33.30495572,250336.569,3688303.376,126.318525,33.30494531
295,250335.2821,3688304.719,126.3185109,33.30495711,250336.6947,3688303.532,126.3185263,33.30494674
296,250335.4145,3688304.868,126.3185122,33.30495849,250336.8207,3688303.688,126.3185277,33.30494818
297,250335.5452,3688305.02,126.3185136,33.30495988,250336.9447,3688303.844,126.3185289,33.30494962
298,250335.6782,3688305.17,126.318515,33.30496127,250337.0728,3688303.997,126.3185303,33.30495102
299,250335.8025,3688305.326,126.3185163,33.3049627,250337.1878,3688304.162,126.3185315,33.30495254
300,250335.936,3688305.475,126.3185177,33.30496408,250337.315,3688304.316,126.3185328,33.30495395
301,250336.0681,3688305.625,126.318519,33.30496546,250337.4403,3688304.472,126.3185341,33.30495539
302,250336.1975,3688305.777,126.3185204,33.30496686,250337.5622,3688304.631,126.3185353,33.30495685
303,250336.3324,3688305.925,126.3185218,33.30496822,250337.6898,3688304.785,126.3185367,33.30495827
304,250336.4662,3688306.074,126.3185232,33.30496959,250337.8158,3688304.94,126.318538,33.30495969
305,250336.5964,3688306.225,126.3185245,33.30497099,250337.9409,3688305.096,126.3185393,33.30496112
306,250336.7393,3688306.366,126.318526,33.30497229,250338.0764,3688305.243,126.3185407,33.30496248
307,250336.8816,3688306.508,126.3185275,33.3049736,250338.213,3688305.388,126.3185421,33.30496382
308,250337.0279,3688306.645,126.3185291,33.30497487,250338.3479,3688305.535,126.3185435,33.30496518
309,250337.1649,3688306.79,126.3185305,33.30497621,250338.4754,3688305.689,126.3185449,33.30496659
310,250337.2959,3688306.942,126.3185319,33.30497761,250338.5982,3688305.847,126.3185461,33.30496805
311,250337.4321,3688307.088,126.3185333,33.30497896,250338.7287,3688305.998,126.3185475,33.30496943
312,250337.5757,3688307.228,126.3185348,33.30498025,250338.8623,3688306.146,126.3185489,33.3049708
313,250337.7143,3688307.373,126.3185362,33.30498159,250338.9938,3688306.297,126.3185503,33.30497219
314,250337.859,3688307.512,126.3185377,33.30498287,250339.1262,3688306.446,126.3185516,33.30497357
315,250337.9861,3688307.666,126.3185391,33.30498429,250339.2462,3688306.607,126.3185529,33.30497504
316,250338.1163,3688307.817,126.3185404,33.30498568,250339.367,3688306.766,126.3185541,33.3049765
317,250338.2522,3688307.964,126.3185418,33.30498704,250339.4946,3688306.921,126.3185555,33.30497793
318,250338.3896,3688308.11,126.3185433,33.30498838,250339.6235,3688307.073,126.3185568,33.30497933
319,250338.5295,3688308.254,126.3185447,33.30498971,250339.7549,3688307.223,126.3185582,33.30498071
320,250338.6715,3688308.395,126.3185462,33.30499102,250339.8855,3688307.375,126.3185595,33.30498211
321,250338.7988,3688308.549,126.3185475,33.30499244,250340.0039,3688307.536,126.3185607,33.30498359
322,250338.9313,3688308.699,126.3185489,33.30499382,250340.1281,3688307.693,126.318562,33.30498503
323,250339.072,3688308.841,126.3185504,33.30499513,250340.2579,3688307.845,126.3185634,33.30498643
324,250339.2002,3688308.995,126.3185517,33.30499655,250340.3776,3688308.005,126.3185646,33.3049879
325,250339.3286,3688309.148,126.3185531,33.30499796,250340.496,3688308.167,126.3185659,33.30498939
326,250339.4589,3688309.299,126.3185544,33.30499935,250340.6162,3688308.327,126.3185671,33.30499086
327,250339.5913,3688309.45,126.3185558,33.30500073,250340.7398,3688308.484,126.3185684,33.3049923
328,250339.7324,3688309.592,126.3185573,33.30500205,250340.8695,3688308.636,126.3185697,33.3049937
329,250339.8644,3688309.742,126.3185586,33.30500344,250340.9921,3688308.795,126.318571,33.30499516
330,250340.0014,3688309.888,126.3185601,33.30500478,250341.1195,3688308.949,126.3185723,33.30499658
331,250340.1407,3688310.031,126.3185615,33.3050061,250341.251,3688309.099,126.3185737,33.30499796
332,250340.286,3688310.17,126.318563,33.30500739,250341.387,3688309.245,126.3185751,33.30499931
333,250340.4319,3688310.308,126.3185646,33.30500866,250341.5216,3688309.392,126.3185765,33.30500066
334,250340.5756,3688310.448,126.3185661,33.30500996,250341.6537,3688309.542,126.3185779,33.30500205
335,250340.7165,3688310.59,126.3185676,33.30501127,250341.7837,3688309.694,126.3185793,33.30500344
336,250340.8567,3688310.734,126.318569,33.3050126,250341.9149,3688309.844,126.3185806,33.30500483
337,250341.0012,3688310.872,126.3185705,33.30501388,250342.0492,3688309.992,126.318582,33.30500619
338,250341.1455,3688311.012,126.318572,33.30501517,250342.1823,3688310.141,126.3185834,33.30500756
339,250341.2886,3688311.152,126.3185735,33.30501647,250342.3153,3688310.29,126.3185848,33.30500893
340,250341.4332,3688311.292,126.318575,33.30501776,250342.4498,3688310.437,126.3185862,33.3050103
341,250341.5789,3688311.43,126.3185766,33.30501904,250342.5823,3688310.587,126.3185876,33.30501168
342,250341.7143,3688311.576,126.318578,33.30502039,250342.7071,3688310.743,126.3185889,33.30501311
343,250341.842,3688311.731,126.3185793,33.30502181,250342.8245,3688310.905,126.3185901,33.3050146
344,250341.9678,3688311.886,126.3185806,33.30502324,250342.9404,3688311.069,126.3185913,33.3050161
345,250342.0931,3688312.042,126.3185819,33.30502467,250343.0539,3688311.234,126.3185925,33.30501762
346,250342.2217,3688312.194,126.3185833,33.30502607,250343.1711,3688311.397,126.3185937,33.30501911
347,250342.351,3688312.347,126.3185846,33.30502748,250343.289,3688311.558,126.3185949,33.30502059
348,250342.483,3688312.497,126.318586,33.30502886,250343.4101,3688311.718,126.3185961,33.30502206
349,250342.6174,3688312.645,126.3185874,33.30503023,250343.5338,3688311.876,126.3185974,33.30502351
350,250342.7566,3688312.79,126.3185888,33.30503156,250343.6627,3688312.028,126.3185988,33.30502491
351,250342.8986,3688312.931,126.3185903,33.30503287,250343.7927,3688312.18,126.3186001,33.30502631
352,250343.0355,3688313.077,126.3185917,33.30503421,250343.9183,3688312.335,126.3186014,33.30502774
353,250343.169,3688313.226,126.3185931,33.30503559,250344.0412,3688312.493,126.3186027,33.30502919
354,250343.308,3688313.37,126.3185946,33.30503692,250344.1687,3688312.648,126.318604,33.30503061
355,250343.4348,3688313.525,126.3185959,33.30503835,250344.2857,3688312.81,126.3186052,33.3050321
356,250343.5612,3688313.68,126.3185972,33.30503977,250344.4002,3688312.974,126.3186064,33.30503361
357,250343.7065,3688313.817,126.3185987,33.30504104,250344.5332,3688313.123,126.3186078,33.30503497
358,250343.8396,3688313.967,126.3186001,33.30504242,250344.6556,3688313.281,126.3186091,33.30503643
359,250343.9763,3688314.113,126.3186016,33.30504377,250344.7811,3688313.437,126.3186104,33.30503786
360,250344.1122,3688314.26,126.318603,33.30504512,250344.9061,3688313.593,126.3186117,33.3050393
361,250344.2504,3688314.405,126.3186044,33.30504647,250345.0327,3688313.748,126.318613,33.30504072
362,250344.3833,3688314.555,126.3186058,33.30504784,250345.1544,3688313.906,126.3186143,33.30504218
363,250344.5192,3688314.702,126.3186072,33.3050492,250345.2793,3688314.063,126.3186156,33.30504362
364,250344.6498,3688314.853,126.3186086,33.30505059,250345.3984,3688314.224,126.3186168,33.3050451
365,250344.7868,3688314.999,126.31861,33.30505194,250345.5244,3688314.379,126.3186181,33.30504653
366,250344.9178,3688315.15,126.3186114,33.30505333,250345.6441,3688314.54,126.3186193,33.305048
367,250345.0534,3688315.297,126.3186128,33.30505469,250345.7686,3688314.696,126.3186206,33.30504944
368,250345.1828,3688315.45,126.3186141,33.30505609,250345.8879,3688314.857,126.3186219,33.30505092
369,250345.309,3688315.605,126.3186154,33.30505752,250346.0021,3688315.022,126.318623,33.30505243
370,250345.4395,3688315.756,126.3186168,33.30505891,250346.1215,3688315.183,126.3186243,33.30505391
371,250345.5697,3688315.908,126.3186182,33.30506031,250346.2402,3688315.344,126.3186255,33.30505539
372,250345.7062,3688316.054,126.3186196,33.30506166,250346.3659,3688315.5,126.3186268,33.30505682
373,250345.8347,3688316.207,126.3186209,33.30506307,250346.4828,3688315.663,126.318628,33.30505831
374,250345.9708,3688316.354,126.3186223,33.30506442,250346.6089,3688315.817,126.3186293,33.30505973
375,250346.1136,3688316.494,126.3186238,33.30506572,250346.7405,3688315.968,126.3186307,33.30506112
376,250346.2542,3688316.637,126.3186253,33.30506704,250346.8694,3688316.121,126.318632,33.30506253
377,250346.392,3688316.783,126.3186267,33.30506838,250346.9973,3688316.274,126.3186334,33.30506394
378,250346.5357,3688316.923,126.3186282,33.30506968,250347.1294,3688316.424,126.3186348,33.30506532
379,250346.6745,3688317.067,126.3186297,33.30507101,250347.2573,3688316.577,126.3186361,33.30506673
380,250346.8158,3688317.21,126.3186312,33.30507233,250347.3886,3688316.728,126.3186375,33.30506812
381,250346.9607,3688317.348,126.3186327,33.30507361,250347.5226,3688316.876,126.3186388,33.30506948
382,250347.1048,3688317.488,126.3186342,33.3050749,250347.655,3688317.025,126.3186402,33.30507086
383,250347.246,3688317.63,126.3186357,33.30507621,250347.7862,3688317.176,126.3186416,33.30507225
384,250347.3907,3688317.769,126.3186372,33.3050775,250347.9195,3688317.324,126.318643,33.30507361
385,250347.5307,3688317.912,126.3186386,33.30507882,250348.0483,3688317.477,126.3186443,33.30507502
386,250347.6705,3688318.056,126.3186401,33.30508015,250348.1788,3688317.628,126.3186457,33.30507642
387,250347.8165,3688318.193,126.3186416,33.30508142,250348.3143,3688317.775,126.3186471,33.30507776
388,250347.962,3688318.331,126.3186432,33.3050827,250348.4491,3688317.922,126.3186485,33.30507912
389,250348.1066,3688318.471,126.3186447,33.30508399,250348.5828,3688318.07,126.3186499,33.30508049
390,250348.2487,3688318.612,126.3186462,33.30508529,250348.714,3688318.221,126.3186513,33.30508188
391,250348.3885,3688318.756,126.3186476,33.30508662,250348.8432,3688318.373,126.3186526,33.30508328
392,250348.5264,3688318.901,126.3186491,33.30508796,250348.9708,3688318.528,126.3186539,33.3050847
393,250348.6641,3688319.046,126.3186505,33.3050893,250349.0981,3688318.681,126.3186553,33.30508611
394,250348.8016,3688319.192,126.3186519,33.30509064,250349.2255,3688318.835,126.3186566,33.30508753
395,250348.9383,3688319.338,126.3186534,33.305092,250349.3519,3688318.991,126.3186579,33.30508896
396,250349.0702,3688319.488,126.3186547,33.30509338,250349.474,3688319.149,126.3186592,33.30509042
397,250349.1989,3688319.642,126.3186561,33.30509479,250349.5929,3688319.31,126.3186604,33.3050919
398,250349.3275,3688319.795,126.3186574,33.3050962,250349.7112,3688319.472,126.3186616,33.30509338
399,250349.4616,3688319.943,126.3186588,33.30509756,250349.8356,3688319.628,126.3186629,33.30509482
400,250349.6426,3688320.143,126.3186607,33.30509941,250350.0341,3688319.871,126.318665,33.30509705
401,250349.7698,3688320.286,126.318662,33.30510072,250350.1465,3688320.016,126.3186661,33.30509839
402,250349.8045,3688320.322,126.3186624,33.30510106,250350.2005,3688320.095,126.3186667,33.30509911
403,250349.9231,3688320.456,126.3186636,33.3051023,250350.3068,3688320.235,126.3186678,33.30510039
404,250350.0418,3688320.59,126.3186649,33.30510353,250350.4132,3688320.374,126.3186689,33.30510168
405,250350.1606,3688320.723,126.3186661,33.30510476,250350.5197,3688320.515,126.31867,33.30510296
406,250350.2796,3688320.857,126.3186673,33.30510599,250350.6262,3688320.654,126.3186711,33.30510425
407,250350.3986,3688320.991,126.3186686,33.30510722,250350.7328,3688320.794,126.3186722,33.30510553
408,250350.5177,3688321.123,126.3186698,33.30510845,250350.8396,3688320.934,126.3186733,33.30510681
409,250350.6369,3688321.257,126.3186711,33.30510968,250350.9465,3688321.074,126.3186744,33.3051081
410,250350.7562,3688321.39,126.3186723,33.3051109,250351.0534,3688321.213,126.3186755,33.30510938
411,250350.8755,3688321.523,126.3186735,33.30511213,250351.1606,3688321.352,126.3186766,33.30511066
412,250350.9948,3688321.655,126.3186748,33.30511335,250351.2679,3688321.492,126.3186778,33.30511194
413,250351.1143,3688321.788,126.318676,33.30511457,250351.3754,3688321.631,126.3186789,33.30511322
414,250351.2337,3688321.921,126.3186773,33.3051158,250351.483,3688321.77,126.31868,33.3051145
415,250351.3532,3688322.053,126.3186785,33.30511702,250351.5908,3688321.91,126.3186811,33.30511578
416,250351.4727,3688322.186,126.3186798,33.30511824,250351.6989,3688322.049,126.3186822,33.30511706
417,250351.5921,3688322.318,126.318681,33.30511946,250351.8072,3688322.188,126.3186834,33.30511834
418,250351.7116,3688322.451,126.3186823,33.30512068,250351.9157,3688322.326,126.3186845,33.30511961
419,250351.8311,3688322.583,126.3186835,33.3051219,250352.0243,3688322.465,126.3186856,33.30512089
420,250351.9506,3688322.715,126.3186847,33.30512312,250352.1333,3688322.604,126.3186867,33.30512216
421,250352.07,3688322.848,126.318686,33.30512434,250352.2425,3688322.742,126.3186879,33.30512343
422,250352.1895,3688322.98,126.3186872,33.30512556,250352.3519,3688322.88,126.318689,33.3051247
423,250352.3089,3688323.112,126.3186885,33.30512678,250352.4616,3688323.019,126.3186901,33.30512597
424,250352.4283,3688323.244,126.3186897,33.305128,250352.5716,3688323.156,126.3186913,33.30512724
425,250352.5477,3688323.376,126.318691,33.30512922,250352.6818,3688323.294,126.3186924,33.3051285
426,250352.667,3688323.508,126.3186922,33.30513043,250352.7923,3688323.431,126.3186936,33.30512977
427,250352.7863,3688323.64,126.3186935,33.30513165,250352.9031,3688323.569,126.3186947,33.30513103
428,250352.9055,3688323.772,126.3186947,33.30513287,250353.0142,3688323.706,126.3186959,33.30513229
429,250353.0247,3688323.904,126.3186959,33.30513409,250353.1255,3688323.843,126.318697,33.30513355
430,250353.1438,3688324.037,126.3186972,33.3051353,250353.2372,3688323.979,126.3186982,33.30513481
431,250353.2629,3688324.168,126.3186984,33.30513652,250353.3491,3688324.116,126.3186994,33.30513606
432,250353.382,3688324.3,126.3186997,33.30513774,250353.4613,3688324.252,126.3187005,33.30513732
433,250353.5011,3688324.433,126.3187009,33.30513896,250353.5738,3688324.388,126.3187017,33.30513857
434,250353.62,3688324.564,126.3187022,33.30514017,250353.6867,3688324.524,126.3187029,33.30513982
435,250353.739,3688324.697,126.3187034,33.30514139,250353.7997,3688324.66,126.3187041,33.30514107
436,250353.8579,3688324.829,126.3187046,33.30514261,250353.9132,3688324.795,126.3187052,33.30514232
437,250353.9768,3688324.961,126.3187059,33.30514383,250354.0268,3688324.931,126.3187064,33.30514356
438,250354.0957,3688325.093,126.3187071,33.30514504,250354.1408,3688325.066,126.3187076,33.30514481
439,250354.2145,3688325.225,126.3187083,33.30514626,250354.2551,3688325.2,126.3187088,33.30514605
440,250354.3333,3688325.357,126.3187096,33.30514748,250354.3696,3688325.335,126.31871,33.30514729
441,250354.4522,3688325.489,126.3187108,33.30514869,250354.4845,3688325.469,126.3187112,33.30514852
442,250354.571,3688325.621,126.3187121,33.30514991,250354.5996,3688325.603,126.3187124,33.30514976
443,250354.6898,3688325.753,126.3187133,33.30515112,250354.715,3688325.737,126.3187136,33.30515099
444,250354.8085,3688325.885,126.3187145,33.30515234,250354.8307,3688325.871,126.3187148,33.30515223
445,250354.9273,3688326.016,126.3187158,33.30515355,250354.9467,3688326.005,126.318716,33.30515346
446,250355.0461,3688326.148,126.318717,33.30515477,250355.0629,3688326.138,126.3187172,33.30515468
447,250355.165,3688326.28,126.3187183,33.30515598,250355.1794,3688326.271,126.3187184,33.30515591
448,250355.2839,3688326.412,126.3187195,33.3051572,250355.2961,3688326.404,126.3187196,33.30515714
449,250355.4028,3688326.542,126.3187207,33.30515841,250355.4131,3688326.537,126.3187208,33.30515835
450,250355.5218,3688326.674,126.318722,33.30515962,250355.5304,3688326.669,126.3187221,33.30515958
451,250355.6408,3688326.806,126.3187232,33.30516083,250355.6479,3688326.801,126.3187233,33.3051608
452,250355.7599,3688326.937,126.3187245,33.30516204,250355.7657,3688326.934,126.3187245,33.30516202
453,250355.879,3688327.068,126.3187257,33.30516325,250355.8837,3688327.066,126.3187258,33.30516323
454,250355.9982,3688327.2,126.3187269,33.30516446,250356.002,3688327.197,126.318727,33.30516445
455,250356.1176,3688327.33,126.3187282,33.30516567,250356.1205,3688327.329,126.3187282,33.30516566
456,250356.237,3688327.461,126.3187294,33.30516688,250356.2392,3688327.46,126.3187295,33.30516687
457,250356.3565,3688327.592,126.3187307,33.30516808,250356.3582,3688327.591,126.3187307,33.30516807
458,250356.4762,3688327.723,126.3187319,33.30516929,250356.4774,3688327.722,126.3187319,33.30516928
459,250356.5959,3688327.853,126.3187332,33.30517049,250356.5968,3688327.853,126.3187332,33.30517049
460,250356.7159,3688327.984,126.3187344,33.3051717,250356.7164,3688327.984,126.3187344,33.3051717
461,250356.8359,3688328.114,126.3187357,33.3051729,250356.8363,3688328.114,126.3187357,33.3051729
462,250356.9561,3688328.245,126.3187369,33.3051741,250356.9563,3688328.244,126.3187369,33.3051741
463,250357.0765,3688328.375,126.3187382,33.3051753,250357.0766,3688328.374,126.3187382,33.3051753
464,250357.1971,3688328.504,126.3187394,33.30517649,250357.1971,3688328.504,126.3187394,33.30517649
465,250357.3178,3688328.634,126.3187407,33.30517769,250357.3178,3688328.634,126.3187407,33.30517769
466,250357.4388,3688328.763,126.318742,33.30517888,250357.4388,3688328.763,126.318742,33.30517888
467,250357.5599,3688328.892,126.3187432,33.30518007,250357.5599,3688328.892,126.3187432,33.30518007
468,250357.6813,3688329.021,126.3187445,33.30518126,250357.6813,3688329.021,126.3187445,33.30518126
469,250357.8029,3688329.15,126.3187458,33.30518246,250357.8029,3688329.15,126.3187458,33.30518246
470,250357.9247,3688329.279,126.318747,33.30518364,250357.9247,3688329.279,126.318747,33.30518364
471,250358.0467,3688329.407,126.3187483,33.30518483,250358.0467,3688329.407,126.3187483,33.30518483
472,250358.169,3688329.535,126.3187496,33.30518601,250358.169,3688329.535,126.3187496,33.30518601
473,250358.2916,3688329.663,126.3187509,33.30518719,250358.2916,3688329.663,126.3187509,33.30518719
474,250358.4144,3688329.791,126.3187522,33.30518837,250358.4144,3688329.791,126.3187522,33.30518837
475,250358.5375,3688329.918,126.3187534,33.30518955,250358.5375,3688329.918,126.3187534,33.30518955
476,250358.6609,3688330.045,126.3187547,33.30519072,250358.6609,3688330.045,126.3187547,33.30519072
477,250358.7845,3688330.172,126.318756,33.30519189,250358.7845,3688330.172,126.318756,33.30519189
478,250358.9084,3688330.299,126.3187573,33.30519306,250358.9084,3688330.299,126.3187573,33.30519306
479,250359.0327,3688330.425,126.3187586,33.30519423,250359.0327,3688330.425,126.3187586,33.30519423
480,250359.1573,3688330.551,126.3187599,33.30519539,250359.1573,3688330.551,126.3187599,33.30519539
481,250359.2822,3688330.676,126.3187612,33.30519655,250359.2822,3688330.676,126.3187612,33.30519655
482,250359.4169,3688330.817,126.3187626,33.30519785,250359.4169,3688330.817,126.3187626,33.30519785
483,250359.567,3688330.945,126.3187642,33.30519904,250359.567,3688330.945,126.3187642,33.30519904
484,250359.7012,3688331.089,126.3187656,33.30520037,250359.7012,3688331.089,126.3187656,33.30520037
485,250359.8349,3688331.23,126.318767,33.30520167,250359.8349,3688331.23,126.318767,33.30520167
486,250359.9768,3688331.37,126.3187685,33.30520296,250359.9768,3688331.37,126.3187685,33.30520296
487,250360.0985,3688331.529,126.3187697,33.30520442,250360.0985,3688331.529,126.3187697,33.30520442
488,250360.228,3688331.674,126.3187711,33.30520576,250360.228,3688331.674,126.3187711,33.30520576
489,250360.362,3688331.821,126.3187725,33.30520711,250360.362,3688331.821,126.3187725,33.30520711
490,250360.4987,3688331.962,126.3187739,33.30520842,250360.4987,3688331.962,126.3187739,33.30520842
491,250360.6153,3688332.114,126.3187751,33.30520981,250360.6153,3688332.114,126.3187751,33.30520981
492,250360.7481,3688332.262,126.3187765,33.30521118,250360.7481,3688332.262,126.3187765,33.30521118
493,250360.8727,3688332.413,126.3187778,33.30521257,250360.8727,3688332.413,126.3187778,33.30521257
494,250360.9877,3688332.569,126.318779,33.305214,250360.9877,3688332.569,126.318779,33.305214
495,250361.1184,3688332.716,126.3187804,33.30521535,250361.1184,3688332.716,126.3187804,33.30521535
496,250361.2376,3688332.876,126.3187816,33.30521682,250361.2376,3688332.876,126.3187816,33.30521682
497,250361.3539,3688333.033,126.3187828,33.30521826,250361.3539,3688333.033,126.3187828,33.30521826
498,250361.4734,3688333.19,126.318784,33.30521971,250361.4734,3688333.19,126.318784,33.30521971
499,250361.5854,3688333.354,126.3187852,33.30522121,250361.5854,3688333.354,126.3187852,33.30522121
500,250361.7079,3688333.505,126.3187865,33.3052226,250361.7079,3688333.505,126.3187865,33.3052226
501,250361.8324,3688333.656,126.3187878,33.30522399,250361.8324,3688333.656,126.3187878,33.30522399
502,250361.9467,3688333.815,126.3187889,33.30522545,250361.9467,3688333.815,126.3187889,33.30522545
503,250362.0523,3688333.978,126.31879,33.30522694,250362.0523,3688333.978,126.31879,33.30522694
504,250362.1738,3688334.131,126.3187913,33.30522835,250362.1738,3688334.131,126.3187913,33.30522835
505,250362.2777,3688334.299,126.3187924,33.30522988,250362.2777,3688334.299,126.3187924,33.30522988
506,250362.3825,3688334.463,126.3187934,33.30523139,250362.3825,3688334.463,126.3187934,33.30523139
507,250362.4817,3688334.629,126.3187945,33.30523291,250362.4817,3688334.629,126.3187945,33.30523291
508,250362.5697,3688334.809,126.3187954,33.30523455,250362.5697,3688334.809,126.3187954,33.30523455
509,250362.6413,3688334.992,126.3187961,33.30523621,250362.6413,3688334.992,126.3187961,33.30523621
510,250362.6991,3688335.182,126.3187966,33.30523794,250362.6991,3688335.182,126.3187966,33.30523794
511,250362.7594,3688335.37,126.3187972,33.30523965,250362.7594,3688335.37,126.3187972,33.30523965
512,250362.794,3688335.564,126.3187976,33.3052414,250362.794,3688335.564,126.3187976,33.3052414
513,250362.825,3688335.76,126.3187978,33.30524318,250362.825,3688335.76,126.3187978,33.30524318
514,250362.8435,3688335.955,126.318798,33.30524494,250362.8435,3688335.955,126.318798,33.30524494
515,250362.8296,3688336.146,126.3187978,33.30524665,250362.8296,3688336.146,126.3187978,33.30524665
516,250362.8194,3688336.339,126.3187976,33.30524839,250362.8194,3688336.339,126.3187976,33.30524839
517,250362.788,3688336.532,126.3187972,33.30525012,250362.788,3688336.532,126.3187972,33.30525012
518,250362.7713,3688336.726,126.318797,33.30525187,250362.7713,3688336.726,126.318797,33.30525187
519,250362.7439,3688336.921,126.3187966,33.30525362,250362.7439,3688336.921,126.3187966,33.30525362
520,250362.7007,3688337.111,126.3187961,33.30525532,250362.7007,3688337.111,126.3187961,33.30525532
521,250362.6761,3688337.308,126.3187958,33.30525709,250362.6761,3688337.308,126.3187958,33.30525709
522,250362.6375,3688337.497,126.3187953,33.30525878,250362.6375,3688337.497,126.3187953,33.30525878
523,250362.5739,3688337.685,126.3187946,33.30526046,250362.5739,3688337.685,126.3187946,33.30526046
524,250362.5154,3688337.873,126.3187939,33.30526214,250362.5154,3688337.873,126.3187939,33.30526214
525,250362.4572,3688338.062,126.3187933,33.30526383,250362.4572,3688338.062,126.3187933,33.30526383
526,250362.3658,3688338.24,126.3187922,33.30526541,250362.3658,3688338.24,126.3187922,33.30526541
527,250362.2715,3688338.414,126.3187912,33.30526696,250362.2715,3688338.414,126.3187912,33.30526696
528,250362.1779,3688338.587,126.3187901,33.3052685,250362.1779,3688338.587,126.3187901,33.3052685
529,250362.0877,3688338.76,126.3187891,33.30527003,250362.0877,3688338.76,126.3187891,33.30527003
530,250361.9843,3688338.929,126.3187879,33.30527153,250361.9843,3688338.929,126.3187879,33.30527153
531,250361.882,3688339.097,126.3187868,33.30527302,250361.882,3688339.097,126.3187868,33.30527302
532,250361.7768,3688339.263,126.3187856,33.30527449,250361.7768,3688339.263,126.3187856,33.30527449
533,250361.6675,3688339.422,126.3187844,33.3052759,250361.6675,3688339.422,126.3187844,33.3052759
534,250361.5575,3688339.587,126.3187832,33.30527736,250361.5575,3688339.587,126.3187832,33.30527736
535,250361.4504,3688339.753,126.318782,33.30527883,250361.4504,3688339.753,126.318782,33.30527883
536,250361.3282,3688339.909,126.3187806,33.30528021,250361.3282,3688339.909,126.3187806,33.30528021
537,250361.1918,3688340.055,126.3187791,33.30528149,250361.1918,3688340.055,126.3187791,33.30528149
538,250361.0634,3688340.202,126.3187777,33.30528279,250361.0634,3688340.202,126.3187777,33.30528279
539,250360.9495,3688340.363,126.3187764,33.30528421,250360.9495,3688340.363,126.3187764,33.30528421
540,250360.7946,3688340.478,126.3187747,33.30528521,250360.7946,3688340.478,126.3187747,33.30528521
541,250360.6599,3688340.617,126.3187733,33.30528644,250360.6599,3688340.617,126.3187733,33.30528644
542,250360.5206,3688340.752,126.3187717,33.30528762,250360.5206,3688340.752,126.3187717,33.30528762
543,250360.3716,3688340.873,126.3187701,33.30528868,250360.3716,3688340.873,126.3187701,33.30528868
544,250360.2252,3688341.002,126.3187685,33.3052898,250360.2252,3688341.002,126.3187685,33.3052898
545,250360.0849,3688341.135,126.3187669,33.30529097,250360.0849,3688341.135,126.3187669,33.30529097
546,250359.9336,3688341.26,126.3187653,33.30529206,250359.9336,3688341.26,126.3187653,33.30529206
547,250359.7913,3688341.397,126.3187637,33.30529326,250359.7913,3688341.397,126.3187637,33.30529326
548,250359.6381,3688341.516,126.3187621,33.3052943,250359.6381,3688341.516,126.3187621,33.3052943
549,250359.4959,3688341.648,126.3187605,33.30529545,250359.4959,3688341.648,126.3187605,33.30529545
550,250359.3499,3688341.783,126.3187589,33.30529664,250359.3499,3688341.783,126.3187589,33.30529664
551,250359.1986,3688341.903,126.3187572,33.30529768,250359.1986,3688341.903,126.3187572,33.30529768
552,250359.0522,3688342.038,126.3187556,33.30529887,250359.0522,3688342.038,126.3187556,33.30529887
553,250358.9101,3688342.17,126.3187541,33.30530002,250358.9101,3688342.17,126.3187541,33.30530002
554,250358.754,3688342.293,126.3187523,33.30530109,250358.754,3688342.293,126.3187523,33.30530109
555,250358.6027,3688342.42,126.3187507,33.3053022,250358.6027,3688342.42,126.3187507,33.3053022
556,250358.4506,3688342.548,126.318749,33.30530332,250358.4506,3688342.548,126.318749,33.30530332
557,250358.302,3688342.672,126.3187474,33.3053044,250358.302,3688342.672,126.3187474,33.3053044
558,250358.1535,3688342.804,126.3187458,33.30530556,250358.1535,3688342.804,126.3187458,33.30530556
559,250357.9981,3688342.92,126.3187441,33.30530657,250357.9981,3688342.92,126.3187441,33.30530657
560,250357.8558,3688343.058,126.3187425,33.30530778,250357.8558,3688343.058,126.3187425,33.30530778
561,250357.7077,3688343.186,126.3187409,33.3053089,250357.7077,3688343.186,126.3187409,33.3053089
562,250357.5715,3688343.327,126.3187394,33.30531014,250357.5715,3688343.327,126.3187394,33.30531014
563,250357.4199,3688343.454,126.3187377,33.30531125,250357.4199,3688343.454,126.3187377,33.30531125
564,250357.2679,3688343.581,126.318736,33.30531236,250357.2679,3688343.581,126.318736,33.30531236
565,250357.1249,3688343.718,126.3187345,33.30531356,250357.1249,3688343.718,126.3187345,33.30531356
566,250356.9729,3688343.846,126.3187328,33.30531467,250356.9729,3688343.846,126.3187328,33.30531467
567,250356.8344,3688343.982,126.3187313,33.30531587,250356.8344,3688343.982,126.3187313,33.30531587
568,250356.6823,3688344.109,126.3187296,33.30531698,250356.6823,3688344.109,126.3187296,33.30531698
569,250356.5303,3688344.235,126.318728,33.30531808,250356.5303,3688344.235,126.318728,33.30531808
570,250356.3874,3688344.374,126.3187264,33.3053193,250356.3874,3688344.374,126.3187264,33.3053193
571,250356.2443,3688344.504,126.3187248,33.30532043,250356.2443,3688344.504,126.3187248,33.30532043
572,250356.0968,3688344.637,126.3187232,33.3053216,250356.0968,3688344.637,126.3187232,33.3053216
573,250355.9447,3688344.763,126.3187215,33.3053227,250355.9447,3688344.763,126.3187215,33.3053227
574,250355.8074,3688344.903,126.31872,33.30532393,250355.8074,3688344.903,126.31872,33.30532393
575,250355.6701,3688345.044,126.3187185,33.30532517,250355.6701,3688345.044,126.3187185,33.30532517
576,250355.5253,3688345.177,126.3187169,33.30532633,250355.5253,3688345.177,126.3187169,33.30532633
577,250355.3859,3688345.314,126.3187154,33.30532753,250355.3859,3688345.314,126.3187154,33.30532753
578,250355.2415,3688345.447,126.3187138,33.3053287,250355.2415,3688345.447,126.3187138,33.3053287
579,250355.1057,3688345.589,126.3187123,33.30532995,250355.1057,3688345.589,126.3187123,33.30532995
580,250354.9529,3688345.712,126.3187106,33.30533102,250354.9529,3688345.712,126.3187106,33.30533102
581,250354.8146,3688345.854,126.3187091,33.30533227,250354.8146,3688345.854,126.3187091,33.30533227
582,250354.6681,3688345.985,126.3187075,33.30533341,250354.6681,3688345.985,126.3187075,33.30533341
583,250354.5212,3688346.117,126.3187059,33.30533457,250354.5212,3688346.117,126.3187059,33.30533457
584,250354.3726,3688346.249,126.3187042,33.30533572,250354.3726,3688346.249,126.3187042,33.30533572
585,250354.2289,3688346.382,126.3187027,33.30533689,250354.2289,3688346.382,126.3187027,33.30533689
586,250354.0687,3688346.497,126.3187009,33.30533789,250354.0687,3688346.497,126.3187009,33.30533789
587,250353.9158,3688346.619,126.3186992,33.30533895,250353.9158,3688346.619,126.3186992,33.30533895
588,250353.7579,3688346.739,126.3186975,33.30534,250353.7579,3688346.739,126.3186975,33.30534
589,250353.5999,3688346.858,126.3186958,33.30534103,250353.5999,3688346.858,126.3186958,33.30534103
590,250353.4288,3688346.958,126.3186939,33.30534189,250353.4288,3688346.958,126.3186939,33.30534189
591,250353.2573,3688347.049,126.3186921,33.30534267,250353.2573,3688347.049,126.3186921,33.30534267
592,250353.0736,3688347.118,126.3186901,33.30534325,250353.0736,3688347.118,126.3186901,33.30534325
593,250352.8859,3688347.175,126.318688,33.30534372,250352.8859,3688347.175,126.318688,33.30534372
594,250352.6928,3688347.222,126.318686,33.3053441,250352.6928,3688347.222,126.318686,33.3053441
595,250352.5015,3688347.271,126.3186839,33.3053445,250352.5015,3688347.271,126.3186839,33.3053445
596,250352.3068,3688347.295,126.3186818,33.30534467,250352.3068,3688347.295,126.3186818,33.30534467
597,250352.1119,3688347.3,126.3186797,33.30534467,250352.1119,3688347.3,126.3186797,33.30534467
598,250351.9157,3688347.305,126.3186776,33.30534467,250351.9157,3688347.305,126.3186776,33.30534467
599,250351.7191,3688347.281,126.3186755,33.30534441,250351.7191,3688347.281,126.3186755,33.30534441
600,250351.5231,3688347.259,126.3186734,33.30534416,250351.5231,3688347.259,126.3186734,33.30534416
601,250351.326,3688347.245,126.3186713,33.30534399,250351.326,3688347.245,126.3186713,33.30534399
602,250351.1385,3688347.194,126.3186693,33.30534349,250351.1385,3688347.194,126.3186693,33.30534349
603,250350.9491,3688347.13,126.3186673,33.30534287,250350.9491,3688347.13,126.3186673,33.30534287
604,250350.7635,3688347.069,126.3186653,33.30534228,250350.7635,3688347.069,126.3186653,33.30534228
605,250350.5841,3688346.992,126.3186634,33.30534154,250350.5841,3688346.992,126.3186634,33.30534154
606,250350.401,3688346.916,126.3186614,33.30534081,250350.401,3688346.916,126.3186614,33.30534081
607,250350.2215,3688346.83,126.3186595,33.30534,250350.2215,3688346.83,126.3186595,33.30534
608,250350.0499,3688346.733,126.3186577,33.30533908,250350.0499,3688346.733,126.3186577,33.30533908
609,250349.8815,3688346.633,126.3186559,33.30533814,250349.8815,3688346.633,126.3186559,33.30533814
610,250349.7124,3688346.536,126.3186542,33.30533723,250349.7124,3688346.536,126.3186542,33.30533723
611,250349.5545,3688346.415,126.3186525,33.3053361,250349.5545,3688346.415,126.3186525,33.3053361
612,250349.3867,3688346.308,126.3186507,33.3053351,250349.3867,3688346.308,126.3186507,33.3053351
613,250349.2305,3688346.184,126.3186491,33.30533395,250349.2305,3688346.184,126.3186491,33.30533395
614,250349.0725,3688346.065,126.3186474,33.30533284,250349.0725,3688346.065,126.3186474,33.30533284
615,250348.921,3688345.939,126.3186458,33.30533167,250348.921,3688345.939,126.3186458,33.30533167
616,250348.7746,3688345.812,126.3186443,33.30533049,250348.7746,3688345.812,126.3186443,33.30533049
617,250348.6352,3688345.669,126.3186428,33.30532917,250348.6352,3688345.669,126.3186428,33.30532917
618,250348.4947,3688345.528,126.3186414,33.30532786,250348.4947,3688345.528,126.3186414,33.30532786
619,250348.3722,3688345.376,126.3186401,33.30532647,250348.3722,3688345.376,126.3186401,33.30532647
620,250348.2291,3688345.243,126.3186386,33.30532524,250348.2291,3688345.243,126.3186386,33.30532524
621,250348.1001,3688345.1,126.3186373,33.30532392,250348.1001,3688345.1,126.3186373,33.30532392
622,250347.9732,3688344.949,126.3186359,33.30532253,250347.9732,3688344.949,126.3186359,33.30532253
623,250347.8469,3688344.797,126.3186346,33.30532113,250347.8469,3688344.797,126.3186346,33.30532113
624,250347.7056,3688344.663,126.3186331,33.30531989,250347.7056,3688344.663,126.3186331,33.30531989
625,250347.5828,3688344.509,126.3186319,33.30531847,250347.5828,3688344.509,126.3186319,33.30531847
626,250347.4666,3688344.349,126.3186307,33.305317,250347.4666,3688344.349,126.3186307,33.305317
627,250347.3412,3688344.194,126.3186294,33.30531558,250347.3412,3688344.194,126.3186294,33.30531558
628,250347.2226,3688344.036,126.3186281,33.30531413,250347.2226,3688344.036,126.3186281,33.30531413
629,250347.0923,3688343.89,126.3186268,33.30531278,250347.0923,3688343.89,126.3186268,33.30531278
630,250346.9771,3688343.729,126.3186256,33.3053113,250346.9771,3688343.729,126.3186256,33.3053113
631,250346.8413,3688343.588,126.3186242,33.30531,250346.8413,3688343.588,126.3186242,33.30531
632,250346.7105,3688343.441,126.3186228,33.30530865,250346.7105,3688343.441,126.3186228,33.30530865
633,250346.5951,3688343.286,126.3186216,33.30530722,250346.5951,3688343.286,126.3186216,33.30530722
634,250346.4716,3688343.134,126.3186203,33.30530583,250346.4716,3688343.134,126.3186203,33.30530583
635,250346.3456,3688342.983,126.318619,33.30530444,250346.3456,3688342.983,126.318619,33.30530444
636,250346.2222,3688342.832,126.3186177,33.30530305,250346.2222,3688342.832,126.3186177,33.30530305
637,250346.0943,3688342.686,126.3186164,33.3053017,250346.0943,3688342.686,126.3186164,33.3053017
638,250345.9615,3688342.54,126.318615,33.30530036,250345.9615,3688342.54,126.318615,33.30530036
639,250345.8392,3688342.384,126.3186137,33.30529892,250345.8392,3688342.384,126.3186137,33.30529892
640,250345.7023,3688342.24,126.3186123,33.30529759,250345.7023,3688342.24,126.3186123,33.30529759
641,250345.5692,3688342.095,126.3186109,33.30529626,250345.5692,3688342.095,126.3186109,33.30529626
642,250345.4287,3688341.955,126.3186095,33.30529496,250345.4287,3688341.955,126.3186095,33.30529496
643,250345.2961,3688341.809,126.3186081,33.30529362,250345.2961,3688341.809,126.3186081,33.30529362
644,250345.171,3688341.662,126.3186068,33.30529226,250345.171,3688341.662,126.3186068,33.30529226
645,250345.0396,3688341.516,126.3186054,33.30529092,250345.0396,3688341.516,126.3186054,33.30529092
646,250344.8702,3688341.33,126.3186036,33.3052892,250344.8702,3688341.33,126.3186036,33.3052892
647,250344.7014,3688341.144,126.3186019,33.30528748,250344.7014,3688341.144,126.3186019,33.30528748
648,250344.5332,3688340.956,126.3186001,33.30528576,250344.5333,3688340.957,126.3186001,33.30528576
649,250344.3657,3688340.768,126.3185984,33.30528402,250344.3658,3688340.769,126.3185984,33.30528403
650,250344.1988,3688340.58,126.3185966,33.30528229,250344.1991,3688340.581,126.3185966,33.30528229
651,250344.0324,3688340.391,126.3185949,33.30528055,250344.0331,3688340.392,126.3185949,33.30528056
652,250343.8666,3688340.202,126.3185932,33.3052788,250343.8678,3688340.203,126.3185932,33.30527882
653,250343.7013,3688340.011,126.3185915,33.30527705,250343.7032,3688340.014,126.3185915,33.30527707
654,250343.5364,3688339.819,126.3185897,33.30527528,250343.5393,3688339.824,126.3185898,33.30527532
655,250343.3719,3688339.628,126.318588,33.30527352,250343.3761,3688339.634,126.3185881,33.30527357
656,250343.2078,3688339.435,126.3185863,33.30527174,250343.2136,3688339.444,126.3185864,33.30527182
657,250343.0441,3688339.242,126.3185846,33.30526997,250343.0517,3688339.254,126.3185847,33.30527007
658,250342.8806,3688339.048,126.3185829,33.30526818,250342.8905,3688339.063,126.318583,33.30526832
659,250342.7175,3688338.853,126.3185812,33.30526639,250342.7299,3688338.873,126.3185814,33.30526656
660,250342.5546,3688338.658,126.3185795,33.30526459,250342.5699,3688338.682,126.3185797,33.30526481
661,250342.3919,3688338.462,126.3185778,33.30526278,250342.4104,3688338.492,126.318578,33.30526306
662,250342.2293,3688338.265,126.3185761,33.30526097,250342.2515,3688338.302,126.3185764,33.30526131
663,250342.0669,3688338.067,126.3185745,33.30525915,250342.0932,3688338.112,126.3185747,33.30525956
664,250341.9045,3688337.869,126.3185728,33.30525733,250341.9353,3688337.923,126.3185731,33.30525782
665,250341.7423,3688337.67,126.3185711,33.3052555,250341.7779,3688337.733,126.3185715,33.30525608
666,250341.58,3688337.47,126.3185694,33.30525366,250341.6208,3688337.544,126.3185698,33.30525434
667,250341.4176,3688337.27,126.3185677,33.30525182,250341.4643,3688337.356,126.3185682,33.30525261
668,250341.2552,3688337.068,126.318566,33.30524997,250341.308,3688337.169,126.3185666,33.30525088
669,250341.0926,3688336.866,126.3185643,33.30524811,250341.1521,3688336.981,126.3185649,33.30524915
670,250340.9299,3688336.664,126.3185626,33.30524625,250340.9964,3688336.795,126.3185633,33.30524744
671,250340.767,3688336.46,126.318561,33.30524437,250340.8411,3688336.609,126.3185617,33.30524573
672,250340.6037,3688336.257,126.3185593,33.3052425,250340.686,3688336.424,126.3185601,33.30524403
673,250340.4402,3688336.052,126.3185576,33.30524062,250340.5311,3688336.24,126.3185585,33.30524233
674,250340.2764,3688335.847,126.3185559,33.30523874,250340.3764,3688336.057,126.3185569,33.30524065
675,250340.1121,3688335.641,126.3185542,33.30523684,250340.2218,3688335.874,126.3185553,33.30523896
676,250339.9474,3688335.435,126.3185524,33.30523494,250340.0674,3688335.692,126.3185537,33.30523729
677,250339.7823,3688335.228,126.3185507,33.30523304,250339.9131,3688335.512,126.3185521,33.30523563
678,250339.6167,3688335.02,126.318549,33.30523113,250339.7589,3688335.333,126.3185504,33.30523398
679,250339.4505,3688334.812,126.3185473,33.30522922,250339.6047,3688335.155,126.3185488,33.30523234
680,250339.2837,3688334.603,126.3185456,33.3052273,250339.4507,3688334.977,126.3185472,33.30523071
681,250339.1164,3688334.394,126.3185438,33.30522538,250339.2966,3688334.802,126.3185456,33.30522909
682,250338.9484,3688334.184,126.3185421,33.30522344,250339.1427,3688334.627,126.318544,33.30522748
683,250338.7796,3688333.974,126.3185403,33.30522151,250338.9888,3688334.453,126.3185424,33.30522588
684,250338.6102,3688333.762,126.3185386,33.30521957,250338.835,3688334.281,126.3185408,33.30522429
685,250338.4401,3688333.551,126.3185368,33.30521762,250338.6811,3688334.109,126.3185392,33.30522271
686,250338.2692,3688333.339,126.318535,33.30521567,250338.5274,3688333.939,126.3185376,33.30522114
687,250338.0975,3688333.126,126.3185332,33.30521372,250338.3738,3688333.771,126.318536,33.30521959
688,250337.9249,3688332.913,126.3185314,33.30521175,250338.2203,3688333.603,126.3185344,33.30521804
689,250337.7517,3688332.7,126.3185296,33.30520979,250338.0668,3688333.437,126.3185328,33.30521651
690,250337.5775,3688332.486,126.3185278,33.30520782,250337.9136,3688333.272,126.3185312,33.30521499
691,250337.4026,3688332.271,126.318526,33.30520585,250337.7605,3688333.108,126.3185296,33.30521348
692,250337.2269,3688332.055,126.3185242,33.30520386,250337.6076,3688332.946,126.318528,33.30521198
693,250337.0503,3688331.839,126.3185223,33.30520188,250337.4549,3688332.785,126.3185264,33.30521049
694,250336.8109,3688331.544,126.3185199,33.30519916,250337.2596,3688332.57,126.3185244,33.30520851
695,250336.6738,3688331.375,126.3185184,33.30519761,250337.1363,3688332.444,126.3185231,33.30520735
696,250336.5327,3688331.209,126.318517,33.30519608,250337.0102,3688332.322,126.3185218,33.30520621
697,250336.394,3688331.041,126.3185155,33.30519453,250336.886,3688332.198,126.3185205,33.30520507
698,250336.2584,3688330.869,126.3185141,33.30519295,250336.764,3688332.072,126.3185192,33.30520391
699,250336.1192,3688330.701,126.3185127,33.3051914,250336.6398,3688331.949,126.3185179,33.30520277
700,250335.976,3688330.534,126.3185112,33.30518987,250336.5132,3688331.828,126.3185166,33.30520165
701,250335.8364,3688330.366,126.3185097,33.30518832,250336.3891,3688331.705,126.3185153,33.30520052
702,250335.6993,3688330.193,126.3185083,33.30518674,250336.2667,3688331.582,126.318514,33.30519937
703,250335.5587,3688330.024,126.3185068,33.30518517,250336.1425,3688331.459,126.3185127,33.30519824
704,250335.4194,3688329.853,126.3185054,33.3051836,250336.0192,3688331.337,126.3185114,33.30519711
705,250335.2794,3688329.683,126.3185039,33.30518203,250335.8958,3688331.214,126.3185101,33.30519598
706,250335.139,3688329.512,126.3185025,33.30518047,250335.7725,3688331.093,126.3185088,33.30519486
707,250335.0003,3688329.34,126.318501,33.30517888,250335.6504,3688330.97,126.3185076,33.30519372
708,250334.8557,3688329.173,126.3184995,33.30517734,250335.5253,3688330.85,126.3185063,33.30519261
709,250334.7164,3688329,126.3184981,33.30517576,250335.4037,3688330.728,126.318505,33.30519148
710,250334.5762,3688328.828,126.3184966,33.30517417,250335.2818,3688330.606,126.3185037,33.30519036
711,250334.4346,3688328.657,126.3184952,33.3051726,250335.1597,3688330.484,126.3185024,33.30518923
712,250334.2957,3688328.483,126.3184937,33.305171,250335.0394,3688330.361,126.3185012,33.30518809
713,250334.1544,3688328.311,126.3184922,33.30516942,250334.9182,3688330.239,126.3184999,33.30518697
714,250334.0089,3688328.143,126.3184907,33.30516787,250334.7954,3688330.119,126.3184986,33.30518586
715,250333.8645,3688327.974,126.3184892,33.30516631,250334.6738,3688329.998,126.3184974,33.30518474
716,250333.7201,3688327.803,126.3184877,33.30516474,250334.5527,3688329.877,126.3184961,33.30518362
717,250333.5749,3688327.634,126.3184862,33.30516319,250334.4319,3688329.756,126.3184948,33.3051825
718,250333.4277,3688327.467,126.3184847,33.30516164,250334.3108,3688329.635,126.3184936,33.30518138
719,250333.291,3688327.289,126.3184833,33.30516001,250334.1951,3688329.51,126.3184924,33.30518022
720,250333.1514,3688327.115,126.3184818,33.30515841,250334.0786,3688329.385,126.3184911,33.30517908
721,250333.0109,3688326.94,126.3184804,33.3051568,250333.9624,3688329.261,126.3184899,33.30517793
722,250332.8666,3688326.769,126.3184789,33.30515523,250333.8452,3688329.137,126.3184887,33.30517679
723,250332.7254,3688326.595,126.3184774,33.30515363,250333.73,3688329.012,126.3184875,33.30517563
724,250332.6165,3688326.458,126.3184763,33.30515236,250333.6907,3688328.98,126.3184871,33.30517534
725,250332.4729,3688326.282,126.3184748,33.30515075,250333.5737,3688328.852,126.3184859,33.30517415
726,250332.3289,3688326.107,126.3184733,33.30514914,250333.4586,3688328.723,126.3184847,33.30517297
727,250332.1869,3688325.93,126.3184718,33.30514751,250333.3432,3688328.594,126.3184835,33.30517178
728,250332.0405,3688325.757,126.3184703,33.30514592,250333.2242,3688328.469,126.3184822,33.30517062
729,250331.8993,3688325.579,126.3184688,33.30514428,250333.1102,3688328.339,126.318481,33.30516943
730,250331.757,3688325.402,126.3184673,33.30514265,250332.9969,3688328.209,126.3184799,33.30516823
731,250331.6107,3688325.229,126.3184658,33.30514106,250332.8765,3688328.084,126.3184786,33.30516708
732,250331.4689,3688325.052,126.3184643,33.30513943,250332.7583,3688327.957,126.3184774,33.30516591
733,250331.3248,3688324.876,126.3184628,33.30513781,250332.6422,3688327.829,126.3184762,33.30516473
734,250331.1783,3688324.703,126.3184613,33.30513622,250332.5247,3688327.703,126.3184749,33.30516356
735,250331.0301,3688324.531,126.3184598,33.30513464,250332.4054,3688327.578,126.3184737,33.30516241
736,250330.8853,3688324.356,126.3184583,33.30513302,250332.2872,3688327.451,126.3184725,33.30516124
737,250330.7397,3688324.182,126.3184567,33.30513142,250332.1681,3688327.325,126.3184712,33.30516007
738,250330.5967,3688324.005,126.3184553,33.3051298,250332.0511,3688327.198,126.31847,33.3051589
739,250330.4455,3688323.837,126.3184537,33.30512825,250331.9264,3688327.078,126.3184687,33.30515779
740,250330.2902,3688323.672,126.3184521,33.30512673,250331.8038,3688326.956,126.3184674,33.30515666
741,250330.1493,3688323.496,126.3184506,33.3051251,250331.6861,3688326.828,126.3184662,33.30515549
742,250330.0106,3688323.316,126.3184492,33.30512345,250331.567,3688326.702,126.3184649,33.30515432
743,250329.8697,3688323.137,126.3184477,33.30512181,250331.4488,3688326.576,126.3184637,33.30515315
744,250329.7258,3688322.962,126.3184462,33.3051202,250331.3289,3688326.45,126.3184624,33.30515199
745,250329.5754,3688322.793,126.3184446,33.30511864,250331.1996,3688326.334,126.3184611,33.30515092
746,250329.4324,3688322.617,126.3184432,33.30511702,250331.0762,3688326.212,126.3184598,33.30514979
747,250329.2942,3688322.438,126.3184417,33.30511537,250330.9516,3688326.09,126.3184585,33.30514866
748,250329.1489,3688322.265,126.3184402,33.30511378,250330.8248,3688325.97,126.3184572,33.30514755
749,250329.0015,3688322.093,126.3184387,33.3051122,250330.6955,3688325.853,126.3184558,33.30514647
750,250328.8641,3688321.913,126.3184372,33.30511054,250330.5781,3688325.725,126.3184546,33.30514529
751,250328.7244,3688321.735,126.3184358,33.30510891,250330.4598,3688325.598,126.3184534,33.30514411
752,250328.5845,3688321.557,126.3184343,33.30510728,250330.339,3688325.472,126.3184521,33.30514295
753,250328.4443,3688321.381,126.3184329,33.30510565,250330.2122,3688325.351,126.3184508,33.30514184
754,250328.3034,3688321.204,126.3184314,33.30510403,250330.0901,3688325.227,126.3184495,33.30514069
755,250328.1653,3688321.026,126.31843,33.30510239,250329.9695,3688325.1,126.3184482,33.30513952
756,250328.0226,3688320.851,126.3184285,33.30510078,250329.8453,3688324.977,126.3184469,33.30513838
757,250327.8818,3688320.675,126.3184271,33.30509916,250329.7199,3688324.854,126.3184456,33.30513724
758,250327.7369,3688320.503,126.3184255,33.30509758,250329.5971,3688324.729,126.3184443,33.30513609
759,250327.5914,3688320.332,126.318424,33.305096,250329.4694,3688324.608,126.318443,33.30513497
760,250327.4461,3688320.161,126.3184225,33.30509443,250329.3469,3688324.482,126.3184417,33.30513381
761,250327.2992,3688319.991,126.318421,33.30509286,250329.2226,3688324.358,126.3184404,33.30513266
762,250327.1591,3688319.816,126.3184195,33.30509125,250329.0974,3688324.234,126.3184391,33.30513151
763,250327.0195,3688319.641,126.3184181,33.30508964,250328.9765,3688324.106,126.3184379,33.30513033
764,250326.877,3688319.468,126.3184166,33.30508806,250328.852,3688323.981,126.3184365,33.30512917
765,250326.7382,3688319.293,126.3184152,33.30508644,250328.7248,3688323.858,126.3184352,33.30512804
766,250326.5919,3688319.124,126.3184136,33.30508489,250328.5956,3688323.736,126.3184339,33.30512691
767,250326.4539,3688318.948,126.3184122,33.30508327,250328.4718,3688323.61,126.3184326,33.30512574
768,250326.3123,3688318.776,126.3184107,33.30508169,250328.3464,3688323.485,126.3184313,33.30512458
769,250326.1708,3688318.604,126.3184093,33.30508011,250328.2246,3688323.356,126.31843,33.30512339
770,250326.0293,3688318.433,126.3184078,33.30507853,250328.089,3688323.239,126.3184286,33.30512232
771,250325.8866,3688318.262,126.3184063,33.30507696,250327.9539,3688323.123,126.3184271,33.30512123
772,250325.7379,3688318.098,126.3184048,33.30507545,250327.8327,3688322.992,126.3184259,33.30512002
773,250325.6102,3688317.917,126.3184034,33.30507379,250327.7165,3688322.857,126.3184247,33.30511878
774,250325.4808,3688317.737,126.3184021,33.30507213,250327.5984,3688322.723,126.3184234,33.30511755
775,250325.3342,3688317.572,126.3184006,33.30507062,250327.4751,3688322.593,126.3184222,33.30511635
776,250325.1973,3688317.399,126.3183991,33.30506902,250327.346,3688322.468,126.3184208,33.30511519
777,250325.0559,3688317.23,126.3183977,33.30506747,250327.2228,3688322.337,126.3184195,33.30511398
778,250324.9182,3688317.057,126.3183962,33.30506588,250327.1048,3688322.202,126.3184183,33.30511274
779,250324.7766,3688316.89,126.3183948,33.30506434,250326.9833,3688322.068,126.318417,33.3051115
780,250324.6298,3688316.727,126.3183932,33.30506284,250326.8566,3688321.939,126.3184157,33.30511031
781,250324.501,3688316.55,126.3183919,33.30506121,250326.7364,3688321.804,126.3184144,33.30510907
782,250324.366,3688316.377,126.3183905,33.30505962,250326.617,3688321.667,126.3184132,33.30510781
783,250324.2282,3688316.208,126.3183891,33.30505807,250326.4963,3688321.532,126.3184119,33.30510656
784,250324.0971,3688316.033,126.3183877,33.30505646,250326.3764,3688321.395,126.3184107,33.3051053
785,250323.9636,3688315.861,126.3183863,33.30505488,250326.2554,3688321.259,126.3184094,33.30510405
786,250323.8312,3688315.688,126.318385,33.30505329,250326.1352,3688321.121,126.3184082,33.30510277
787,250323.7043,3688315.512,126.3183837,33.30505168,250326.013,3688320.985,126.3184069,33.30510152
788,250323.5749,3688315.338,126.3183823,33.30505008,250325.8907,3688320.849,126.3184056,33.30510026
789,250323.4435,3688315.166,126.3183809,33.3050485,250325.764,3688320.715,126.3184043,33.30509903
790,250323.3119,3688314.995,126.3183796,33.30504693,250325.6362,3688320.582,126.318403,33.3050978
791,250323.1732,3688314.83,126.3183781,33.30504541,250325.507,3688320.45,126.3184016,33.30509658
792,250323.0387,3688314.662,126.3183767,33.30504386,250325.3769,3688320.318,126.3184003,33.30509536
793,250322.9087,3688314.491,126.3183754,33.30504229,250325.2524,3688320.18,126.318399,33.30509409
794,250322.7758,3688314.324,126.318374,33.30504075,250325.1292,3688320.04,126.3183977,33.30509281
795,250322.6348,3688314.163,126.3183725,33.30503928,250325.0032,3688319.903,126.3183964,33.30509154
796,250322.4965,3688314.001,126.3183711,33.30503778,250324.8797,3688319.763,126.3183951,33.30509025
797,250322.3588,3688313.839,126.3183697,33.30503629,250324.7505,3688319.627,126.3183937,33.30508899
798,250322.2247,3688313.674,126.3183683,33.30503477,250324.6256,3688319.487,126.3183924,33.3050877
799,250322.0899,3688313.511,126.3183669,33.30503327,250324.5001,3688319.346,126.3183911,33.30508641
800,250321.9471,3688313.355,126.3183654,33.30503184,250324.3723,3688319.208,126.3183898,33.30508513
801,250321.8057,3688313.199,126.3183639,33.30503039,250324.2457,3688319.067,126.3183885,33.30508383
802,250321.6659,3688313.043,126.3183625,33.30502895,250324.1185,3688318.926,126.3183872,33.30508253
803,250321.5214,3688312.89,126.318361,33.30502755,250323.983,3688318.793,126.3183857,33.3050813
804,250321.3816,3688312.735,126.3183595,33.30502612,250323.8601,3688318.648,126.3183845,33.30507997
805,250321.2501,3688312.572,126.3183581,33.30502462,250323.7446,3688318.496,126.3183833,33.30507857
806,250321.1194,3688312.41,126.3183568,33.30502313,250323.616,3688318.355,126.3183819,33.30507727
807,250320.982,3688312.255,126.3183553,33.3050217,250323.4892,3688318.21,126.3183806,33.30507594
808,250320.8403,3688312.104,126.3183539,33.3050203,250323.3606,3688318.066,126.3183793,33.30507461
809,250320.7076,3688311.945,126.3183525,33.30501884,250323.2328,3688317.922,126.3183779,33.30507328
810,250320.5759,3688311.786,126.3183511,33.30501738,250323.1024,3688317.778,126.3183766,33.30507195
811,250320.4475,3688311.626,126.3183498,33.30501591,250322.9671,3688317.638,126.3183752,33.30507066
812,250320.321,3688311.464,126.3183485,33.30501442,250322.8425,3688317.489,126.3183739,33.30506929
813,250320.1819,3688311.314,126.318347,33.30501304,250322.72,3688317.337,126.3183726,33.30506789
814,250320.0465,3688311.162,126.3183456,33.30501163,250322.5921,3688317.188,126.3183713,33.30506652
815,250319.9287,3688310.996,126.3183444,33.30501012,250322.467,3688317.037,126.31837,33.30506513
816,250319.8114,3688310.832,126.3183432,33.3050086,250322.3434,3688316.882,126.3183687,33.30506371
817,250319.6736,3688310.684,126.3183417,33.30500724,250322.2179,3688316.729,126.3183674,33.3050623
818,250319.5495,3688310.524,126.3183404,33.30500577,250322.0953,3688316.574,126.3183661,33.30506087
819,250319.4262,3688310.366,126.3183392,33.30500432,250321.9758,3688316.415,126.3183649,33.30505941
820,250319.2865,3688310.223,126.3183377,33.305003,250321.8528,3688316.257,126.3183636,33.30505796
821,250319.1524,3688310.074,126.3183363,33.30500162,250321.7286,3688316.1,126.3183623,33.30505652
822,250319.0295,3688309.917,126.318335,33.30500018,250321.599,3688315.948,126.3183609,33.30505512
823,250318.8966,3688309.767,126.3183336,33.3049988,250321.4692,3688315.796,126.3183596,33.30505372
824,250318.7744,3688309.609,126.3183324,33.30499735,250321.3435,3688315.641,126.3183583,33.30505229
825,250318.6494,3688309.453,126.3183311,33.30499591,250321.2184,3688315.485,126.318357,33.30505086
826,250318.5194,3688309.301,126.3183297,33.30499451,250321.0841,3688315.336,126.3183556,33.30504948
827,250318.4021,3688309.139,126.3183285,33.30499303,250320.9507,3688315.187,126.3183542,33.30504811
828,250318.2842,3688308.977,126.3183273,33.30499154,250320.8183,3688315.038,126.3183528,33.30504674
829,250318.1629,3688308.818,126.318326,33.30499008,250320.6882,3688314.886,126.3183515,33.30504534
830,250318.0413,3688308.66,126.3183248,33.30498863,250320.5592,3688314.733,126.3183501,33.30504393
831,250317.9033,3688308.515,126.3183233,33.30498729,250320.4198,3688314.59,126.3183487,33.30504261
832,250317.7691,3688308.367,126.3183219,33.30498592,250320.2836,3688314.443,126.3183472,33.30504125
833,250317.6279,3688308.225,126.3183205,33.30498461,250320.1483,3688314.296,126.3183458,33.3050399
834,250317.4822,3688308.088,126.3183189,33.30498334,250320.0059,3688314.155,126.3183443,33.30503859
835,250317.3448,3688307.943,126.3183175,33.30498201,250319.8715,3688314.007,126.3183429,33.30503723
836,250317.2104,3688307.795,126.3183161,33.30498064,250319.7418,3688313.855,126.3183416,33.30503583
837,250317.0718,3688307.651,126.3183147,33.30497931,250319.6146,3688313.701,126.3183403,33.30503441
838,250316.9402,3688307.5,126.3183133,33.30497792,250319.482,3688313.551,126.3183389,33.30503303
839,250316.8106,3688307.348,126.3183119,33.30497652,250319.3429,3688313.407,126.3183374,33.3050317
840,250316.6738,3688307.202,126.3183105,33.30497517,250319.2121,3688313.256,126.3183361,33.30503031
841,250316.537,3688307.056,126.3183091,33.30497383,250319.0828,3688313.104,126.3183347,33.30502891
842,250316.4045,3688306.907,126.3183077,33.30497245,250318.9553,3688312.949,126.3183334,33.30502748
843,250316.2811,3688306.749,126.3183064,33.304971,250318.831,3688312.793,126.3183321,33.30502605
844,250316.1576,3688306.592,126.3183051,33.30496956,250318.696,3688312.646,126.3183307,33.30502469
845,250316.0337,3688306.435,126.3183038,33.30496811,250318.5622,3688312.497,126.3183293,33.30502332
846,250315.909,3688306.278,126.3183026,33.30496667,250318.4365,3688312.342,126.318328,33.30502189
847,250315.7819,3688306.124,126.3183012,33.30496525,250318.3192,3688312.18,126.3183268,33.30502041
848,250315.6497,3688305.974,126.3182999,33.30496387,250318.1951,3688312.025,126.3183255,33.30501898
849,250315.5272,3688305.816,126.3182986,33.30496242,250318.0661,3688311.872,126.3183242,33.30501757
850,250315.4059,3688305.657,126.3182973,33.30496096,250317.944,3688311.714,126.3183229,33.30501612
851,250315.2758,3688305.505,126.318296,33.30495956,250317.8066,3688311.569,126.3183215,33.30501478
852,250315.1447,3688305.354,126.3182946,33.30495817,250317.6731,3688311.42,126.3183201,33.30501341
853,250315.0167,3688305.2,126.3182933,33.30495675,250317.547,3688311.265,126.3183188,33.30501198
854,250314.8853,3688305.05,126.3182919,33.30495537,250317.4175,3688311.113,126.3183174,33.30501058
855,250314.7635,3688304.891,126.3182906,33.30495391,250317.2908,3688310.958,126.3183161,33.30500916
856,250314.6446,3688304.73,126.3182894,33.30495243,250317.1675,3688310.801,126.3183148,33.30500771
857,250314.5301,3688304.566,126.3182882,33.30495093,250317.0388,3688310.648,126.3183135,33.30500631
858,250314.4149,3688304.403,126.318287,33.30494943,250316.914,3688310.492,126.3183122,33.30500487
859,250314.2933,3688304.244,126.3182858,33.30494797,250316.7956,3688310.331,126.3183109,33.30500339
860,250314.1671,3688304.089,126.3182845,33.30494654,250316.6779,3688310.169,126.3183097,33.30500191
861,250314.0459,3688303.93,126.3182832,33.30494509,250316.5578,3688310.009,126.3183085,33.30500043
862,250313.9246,3688303.772,126.318282,33.30494364,250316.4235,3688309.86,126.3183071,33.30499906
863,250313.8013,3688303.617,126.3182807,33.30494221,250316.2895,3688309.709,126.3183057,33.30499767
864,250313.6759,3688303.465,126.3182794,33.3049408,250316.1428,3688309.569,126.3183042,33.30499638
865,250313.5419,3688303.321,126.318278,33.30493948,250315.9964,3688309.428,126.3183026,33.30499507
866,250313.4096,3688303.176,126.3182766,33.30493814,250315.8607,3688309.276,126.3183012,33.30499368
867,250313.2707,3688303.039,126.3182751,33.30493688,250315.7245,3688309.124,126.3182998,33.30499227
868,250313.1389,3688302.895,126.3182738,33.30493555,250315.5835,3688308.975,126.3182983,33.30499089
869,250313.0038,3688302.756,126.3182724,33.30493426,250315.4492,3688308.819,126.3182969,33.30498946
870,250312.8638,3688302.622,126.3182709,33.30493303,250315.3171,3688308.66,126.3182955,33.30498799
871,250312.7318,3688302.481,126.3182695,33.30493173,250315.1775,3688308.507,126.3182941,33.30498658
872,250312.5914,3688302.35,126.318268,33.30493051,250315.0379,3688308.353,126.3182926,33.30498517
873,250312.4628,3688302.209,126.3182667,33.30492921,250314.9016,3688308.196,126.3182912,33.30498372
874,250312.3379,3688302.064,126.3182654,33.30492787,250314.7711,3688308.032,126.3182899,33.30498221
875,250312.2091,3688301.924,126.3182641,33.30492659,250314.6434,3688307.866,126.3182885,33.30498068
876,250312.0811,3688301.784,126.3182627,33.30492529,250314.5156,3688307.699,126.3182872,33.30497915
877,250311.961,3688301.638,126.3182615,33.30492395,250314.3873,3688307.531,126.3182859,33.30497761
878,250311.8261,3688301.506,126.3182601,33.30492273,250314.2569,3688307.364,126.3182845,33.30497608
879,250311.6976,3688301.368,126.3182587,33.30492146,250314.1212,3688307.202,126.3182831,33.30497458
880,250311.5681,3688301.232,126.3182574,33.3049202,250313.9889,3688307.036,126.3182817,33.30497305
881,250311.4356,3688301.101,126.318256,33.30491899,250313.8615,3688306.864,126.3182804,33.30497148
882,250311.3021,3688300.97,126.3182546,33.30491777,250313.7303,3688306.696,126.3182791,33.30496994
883,250311.1662,3688300.843,126.3182532,33.3049166,250313.593,3688306.531,126.3182776,33.30496841
884,250311.037,3688300.71,126.3182518,33.30491537,250313.4579,3688306.365,126.3182762,33.30496689
885,250310.9001,3688300.585,126.3182504,33.30491422,250313.3205,3688306.199,126.3182748,33.30496536
886,250310.7696,3688300.455,126.318249,33.30491301,250313.1872,3688306.029,126.3182734,33.3049638
887,250310.6434,3688300.321,126.3182477,33.30491178,250313.0583,3688305.856,126.3182721,33.30496221
888,250310.512,3688300.192,126.3182463,33.30491059,250312.9316,3688305.68,126.3182708,33.30496059
889,250310.3944,3688300.052,126.3182451,33.3049093,250312.8078,3688305.501,126.3182695,33.30495895
890,250310.2678,3688299.921,126.3182438,33.30490809,250312.6863,3688305.32,126.3182682,33.30495729
891,250310.1387,3688299.793,126.3182424,33.3049069,250312.554,3688305.146,126.3182669,33.30495569
892,250310.0143,3688299.66,126.3182411,33.30490568,250312.4212,3688304.973,126.3182655,33.3049541
893,250309.8906,3688299.528,126.3182398,33.30490446,250312.2911,3688304.796,126.3182641,33.30495248
894,250309.7672,3688299.396,126.3182386,33.30490324,250312.1599,3688304.619,126.3182628,33.30495086
895,250309.6436,3688299.265,126.3182373,33.30490203,250312.0261,3688304.445,126.3182614,33.30494926
896,250309.5205,3688299.133,126.318236,33.30490082,250311.8841,3688304.277,126.3182599,33.30494771
897,250309.4046,3688298.997,126.3182348,33.30489956,250311.7425,3688304.108,126.3182584,33.30494615
898,250309.2908,3688298.859,126.3182336,33.3048983,250311.5921,3688303.947,126.3182569,33.30494466
899,250309.1687,3688298.729,126.3182323,33.30489709,250311.4508,3688303.776,126.3182554,33.3049431
900,250309.0441,3688298.601,126.318231,33.30489591,250311.3033,3688303.611,126.3182539,33.30494157
901,250308.9216,3688298.472,126.3182297,33.30489472,250311.1511,3688303.45,126.3182523,33.30494009
902,250308.7957,3688298.346,126.3182284,33.30489356,250311.0092,3688303.278,126.3182508,33.30493851
903,250308.6719,3688298.219,126.3182271,33.30489238,250310.8533,3688303.12,126.3182492,33.30493704
904,250308.5463,3688298.094,126.3182258,33.30489122,250310.713,3688302.946,126.3182477,33.30493545
905,250308.4151,3688297.975,126.3182244,33.30489012,250310.5729,3688302.772,126.3182463,33.30493385
906,250308.286,3688297.855,126.3182231,33.30488901,250310.4301,3688302.6,126.3182448,33.30493226
907,250308.1596,3688297.731,126.3182218,33.30488787,250310.2868,3688302.428,126.3182433,33.30493068
908,250308.0329,3688297.609,126.3182204,33.30488674,250310.1492,3688302.251,126.3182419,33.30492905
909,250307.9094,3688297.484,126.3182191,33.30488559,250310.0004,3688302.083,126.3182403,33.3049275
910,250307.786,3688297.36,126.3182179,33.30488444,250309.8566,3688301.909,126.3182388,33.3049259
911,250307.662,3688297.236,126.3182166,33.30488329,250309.7111,3688301.737,126.3182373,33.30492432
912,250307.5358,3688297.115,126.3182152,33.30488217,250309.5613,3688301.57,126.3182357,33.30492278
913,250307.4157,3688296.989,126.318214,33.30488101,250309.4117,3688301.4,126.3182342,33.30492122
914,250307.2931,3688296.865,126.3182127,33.30487986,250309.2593,3688301.234,126.3182326,33.30491968
915,250307.1691,3688296.743,126.3182114,33.30487873,250309.1142,3688301.06,126.3182311,33.30491808
916,250307.0419,3688296.623,126.3182101,33.30487763,250308.957,3688300.899,126.3182294,33.30491659
917,250306.9165,3688296.504,126.3182088,33.30487652,250308.8112,3688300.725,126.3182279,33.304915
918,250306.7899,3688296.384,126.3182074,33.30487542,250308.6654,3688300.552,126.3182264,33.3049134
919,250306.6656,3688296.264,126.3182061,33.3048743,250308.5156,3688300.381,126.3182248,33.30491183
920,250306.5455,3688296.139,126.3182049,33.30487315,250308.3753,3688300.202,126.3182234,33.30491018
921,250306.5088,3688296.116,126.3182045,33.30487293,250308.2468,3688300.046,126.3182221,33.30490874
922,250306.423,3688296.039,126.3182036,33.30487221,250308.1058,3688299.883,126.3182206,33.30490725
923,250306.3376,3688295.96,126.3182027,33.30487149,250307.9692,3688299.717,126.3182192,33.30490572
924,250306.2517,3688295.881,126.3182018,33.30487075,250307.8333,3688299.551,126.3182178,33.30490419
925,250306.1654,3688295.802,126.3182009,33.30487002,250307.6975,3688299.386,126.3182163,33.30490267
926,250306.0786,3688295.722,126.3182,33.30486928,250307.562,3688299.221,126.3182149,33.30490115
927,250305.9914,3688295.642,126.3181991,33.30486854,250307.4271,3688299.056,126.3182135,33.30489964
928,250305.9045,3688295.56,126.3181982,33.30486779,250307.2961,3688298.889,126.3182122,33.3048981
929,250305.8184,3688295.479,126.3181973,33.30486703,250307.1698,3688298.718,126.3182109,33.30489653
930,250305.7309,3688295.396,126.3181963,33.30486627,250307.0403,3688298.551,126.3182095,33.30489499
931,250305.6415,3688295.315,126.3181954,33.30486551,250306.9055,3688298.388,126.3182081,33.3048935
932,250305.552,3688295.232,126.3181945,33.30486475,250306.7729,3688298.225,126.3182067,33.30489199
933,250305.4611,3688295.151,126.3181935,33.30486399,250306.6371,3688298.065,126.3182053,33.30489052
934,250305.3704,3688295.068,126.3181926,33.30486322,250306.5042,3688297.903,126.318204,33.30488904
935,250305.2783,3688294.986,126.3181916,33.30486246,250306.3684,3688297.745,126.3182025,33.30488758
936,250305.1836,3688294.905,126.3181906,33.30486171,250306.2268,3688297.594,126.3182011,33.30488618
937,250305.09,3688294.822,126.3181896,33.30486094,250306.0906,3688297.437,126.3181996,33.30488474
938,250304.9959,3688294.738,126.3181886,33.30486017,250305.9555,3688297.281,126.3181982,33.3048833
939,250304.9009,3688294.655,126.3181876,33.3048594,250305.8194,3688297.126,126.3181968,33.30488187
940,250304.8066,3688294.57,126.3181867,33.30485861,250305.6879,3688296.968,126.3181954,33.30488042
941,250304.7116,3688294.485,126.3181857,33.30485782,250305.5558,3688296.811,126.3181941,33.30487898
942,250304.6158,3688294.399,126.3181847,33.30485702,250305.4238,3688296.655,126.3181927,33.30487754
943,250304.5191,3688294.313,126.3181836,33.30485623,250305.2906,3688296.502,126.3181913,33.30487612
944,250304.4233,3688294.226,126.3181826,33.30485542,250305.1622,3688296.344,126.31819,33.30487467
945,250304.3269,3688294.138,126.3181816,33.30485461,250305.0334,3688296.188,126.3181886,33.30487324
946,250304.2288,3688294.051,126.3181806,33.3048538,250304.9022,3688296.034,126.3181873,33.30487182
947,250304.1298,3688293.964,126.3181796,33.30485299,250304.7702,3688295.882,126.3181859,33.30487043
948,250304.0302,3688293.875,126.3181785,33.30485217,250304.6385,3688295.732,126.3181845,33.30486904
949,250303.9295,3688293.788,126.3181775,33.30485136,250304.5056,3688295.583,126.3181831,33.30486767
950,250303.8296,3688293.699,126.3181764,33.30485053,250304.3765,3688295.431,126.3181818,33.30486627
951,250303.7134,3688293.591,126.3181752,33.30484953,250304.2112,3688295.24,126.3181801,33.30486451
952,250303.6141,3688293.502,126.3181742,33.30484871,250304.0871,3688295.095,126.3181788,33.30486317
953,250303.5147,3688293.412,126.3181731,33.30484788,250303.9641,3688294.949,126.3181775,33.30486182
954,250303.4154,3688293.322,126.3181721,33.30484704,250303.8424,3688294.803,126.3181762,33.30486048
955,250303.3161,3688293.231,126.318171,33.3048462,250303.7217,3688294.657,126.318175,33.30485914
956,250303.2167,3688293.139,126.31817,33.30484535,250303.6022,3688294.511,126.3181737,33.3048578
957,250303.1175,3688293.046,126.318169,33.30484449,250303.4837,3688294.365,126.3181725,33.30485645
958,250303.0182,3688292.952,126.3181679,33.30484362,250303.3662,3688294.219,126.3181713,33.30485511
959,250302.919,3688292.858,126.3181669,33.30484274,250303.2498,3688294.073,126.3181701,33.30485377
960,250302.8199,3688292.762,126.3181658,33.30484186,250303.1343,3688293.928,126.3181689,33.30485243
961,250302.7209,3688292.666,126.3181648,33.30484097,250303.0196,3688293.782,126.3181677,33.30485109
962,250302.622,3688292.569,126.3181638,33.30484007,250302.9059,3688293.636,126.3181665,33.30484975
963,250302.5232,3688292.472,126.3181627,33.30483918,250302.793,3688293.491,126.3181653,33.30484842
964,250302.4244,3688292.373,126.3181617,33.30483826,250302.681,3688293.346,126.3181642,33.30484709
965,250302.3258,3688292.273,126.3181607,33.30483734,250302.5697,3688293.201,126.318163,33.30484575
966,250302.2274,3688292.173,126.3181596,33.30483641,250302.4592,3688293.056,126.3181619,33.30484442
967,250302.129,3688292.072,126.3181586,33.30483548,250302.3493,3688292.911,126.3181607,33.3048431
968,250302.0308,3688291.969,126.3181576,33.30483453,250302.2402,3688292.768,126.3181596,33.30484177
969,250301.9327,3688291.866,126.3181566,33.30483358,250302.1317,3688292.624,126.3181585,33.30484045
970,250301.8349,3688291.763,126.3181555,33.30483263,250302.0239,3688292.48,126.3181574,33.30483913
971,250301.7371,3688291.658,126.3181545,33.30483166,250301.9167,3688292.337,126.3181563,33.30483782
972,250301.6394,3688291.553,126.3181535,33.30483069,250301.81,3688292.194,126.3181552,33.30483651
973,250301.5419,3688291.447,126.3181525,33.30482971,250301.7039,3688292.051,126.3181541,33.3048352
974,250301.4446,3688291.339,126.3181515,33.30482872,250301.5983,3688291.909,126.318153,33.30483389
975,250301.3473,3688291.231,126.3181505,33.30482772,250301.4932,3688291.767,126.3181519,33.30483258
976,250301.2503,3688291.123,126.3181494,33.30482673,250301.3886,3688291.626,126.3181508,33.30483129
977,250301.1533,3688291.013,126.3181484,33.30482572,250301.2844,3688291.485,126.3181497,33.30482999
978,250301.0565,3688290.903,126.3181474,33.3048247,250301.1806,3688291.344,126.3181486,33.3048287
979,250300.9598,3688290.792,126.3181464,33.30482368,250301.0772,3688291.204,126.3181476,33.30482742
980,250300.8632,3688290.68,126.3181454,33.30482265,250300.9742,3688291.064,126.3181465,33.30482613
981,250300.7667,3688290.568,126.3181444,33.30482161,250300.8715,3688290.925,126.3181454,33.30482486
982,250300.6703,3688290.454,126.3181434,33.30482057,250300.7692,3688290.786,126.3181444,33.30482358
983,250300.574,3688290.34,126.3181424,33.30481952,250300.6672,3688290.648,126.3181433,33.30482231
984,250300.4777,3688290.226,126.3181414,33.30481846,250300.5654,3688290.509,126.3181423,33.30482104
985,250300.3816,3688290.11,126.3181404,33.3048174,250300.4638,3688290.372,126.3181412,33.30481978
986,250300.2854,3688289.995,126.3181394,33.30481634,250300.3626,3688290.235,126.3181402,33.30481852
987,250300.1894,3688289.878,126.3181384,33.30481526,250300.2615,3688290.099,126.3181391,33.30481727
988,250300.0933,3688289.761,126.3181374,33.30481418,250300.1606,3688289.962,126.3181381,33.30481602
989,250299.9972,3688289.643,126.3181364,33.3048131,250300.06,3688289.827,126.318137,33.30481477
990,250299.9011,3688289.524,126.3181354,33.30481201,250299.9595,3688289.692,126.318136,33.30481353
991,250299.805,3688289.406,126.3181344,33.30481092,250299.8591,3688289.557,126.318135,33.3048123
992,250299.7089,3688289.286,126.3181334,33.30480982,250299.7588,3688289.423,126.3181339,33.30481106
993,250299.6127,3688289.167,126.3181324,33.30480872,250299.6586,3688289.289,126.3181329,33.30480984
994,250299.5164,3688289.046,126.3181314,33.30480761,250299.5586,3688289.156,126.3181318,33.30480861
995,250299.4201,3688288.925,126.3181304,33.3048065,250299.4586,3688289.024,126.3181308,33.3048074
996,250299.3236,3688288.804,126.3181294,33.30480539,250299.3586,3688288.892,126.3181298,33.30480618
997,250299.227,3688288.683,126.3181284,33.30480427,250299.2588,3688288.759,126.3181287,33.30480497
998,250299.1302,3688288.561,126.3181274,33.30480315,250299.1589,3688288.628,126.3181277,33.30480376
999,250299.0334,3688288.439,126.3181264,33.30480203,250299.059,3688288.497,126.3181267,33.30480256
1000,250298.9363,3688288.316,126.3181254,33.3048009,250298.9592,3688288.367,126.3181256,33.30480136
1001,250298.839,3688288.194,126.3181244,33.30479977,250298.8593,3688288.237,126.3181246,33.30480017
1002,250298.7416,3688288.07,126.3181234,33.30479864,250298.7593,3688288.108,126.3181236,33.30479898
1003,250298.6439,3688287.947,126.3181224,33.3047975,250298.6593,3688287.978,126.3181225,33.30479779
1004,250298.5459,3688287.823,126.3181213,33.30479637,250298.5593,3688287.85,126.3181215,33.30479661
1005,250298.4478,3688287.7,126.3181203,33.30479524,250298.4591,3688287.722,126.3181204,33.30479544
1006,250298.3493,3688287.576,126.3181193,33.3047941,250298.3589,3688287.595,126.3181194,33.30479427
1007,250298.2506,3688287.452,126.3181183,33.30479296,250298.2585,3688287.467,126.3181184,33.30479309
1008,250298.1515,3688287.329,126.3181172,33.30479182,250298.158,3688287.34,126.3181173,33.30479193
1009,250298.0521,3688287.205,126.3181162,33.30479068,250298.0574,3688287.214,126.3181163,33.30479077
1010,250297.9524,3688287.081,126.3181152,33.30478954,250297.9566,3688287.088,126.3181152,33.30478961
1011,250297.8524,3688286.956,126.3181141,33.3047884,250297.8556,3688286.962,126.3181142,33.30478845
1012,250297.752,3688286.833,126.3181131,33.30478726,250297.7544,3688286.837,126.3181131,33.3047873
1013,250297.6513,3688286.709,126.318112,33.30478612,250297.6529,3688286.712,126.3181121,33.30478615
1014,250297.5502,3688286.586,126.318111,33.30478499,250297.5513,3688286.587,126.318111,33.304785
1015,250297.4487,3688286.462,126.3181099,33.30478385,250297.4494,3688286.463,126.3181099,33.30478386
1016,250297.3468,3688286.339,126.3181089,33.30478272,250297.3472,3688286.339,126.3181089,33.30478272
1017,250297.2445,3688286.216,126.3181078,33.30478159,250297.2447,3688286.216,126.3181078,33.30478159
1018,250297.1419,3688286.093,126.3181068,33.30478045,250297.1419,3688286.093,126.3181068,33.30478045
1019,250297.0388,3688285.97,126.3181057,33.30477933,250297.0388,3688285.971,126.3181057,33.30477933
1020,250296.9353,3688285.848,126.3181046,33.3047782,250296.9353,3688285.848,126.3181046,33.3047782
1021,250296.8314,3688285.726,126.3181035,33.30477708,250296.8314,3688285.726,126.3181035,33.30477708
1022,250296.7271,3688285.604,126.3181024,33.30477595,250296.7271,3688285.604,126.3181024,33.30477595
1023,250296.6223,3688285.483,126.3181013,33.30477484,250296.6223,3688285.483,126.3181013,33.30477484
1024,250296.4819,3688285.343,126.3180999,33.30477354,250296.4819,3688285.343,126.3180999,33.30477354
1025,250296.36,3688285.186,126.3180986,33.3047721,250296.36,3688285.186,126.3180986,33.3047721
1026,250296.2298,3688285.041,126.3180973,33.30477076,250296.2298,3688285.041,126.3180973,33.30477076
1027,250296.1056,3688284.887,126.318096,33.30476935,250296.1056,3688284.887,126.318096,33.30476935
1028,250295.9665,3688284.744,126.3180945,33.30476803,250295.9665,3688284.744,126.3180945,33.30476803
1029,250295.8469,3688284.592,126.3180933,33.30476663,250295.8469,3688284.592,126.3180933,33.30476663
1030,250295.7165,3688284.445,126.3180919,33.30476528,250295.7165,3688284.445,126.3180919,33.30476528
1031,250295.5792,3688284.308,126.3180905,33.30476401,250295.5792,3688284.308,126.3180905,33.30476401
1032,250295.4424,3688284.167,126.318089,33.30476271,250295.4424,3688284.167,126.318089,33.30476271
1033,250295.3021,3688284.027,126.3180876,33.30476141,250295.3021,3688284.027,126.3180876,33.30476141
1034,250295.1814,3688283.872,126.3180863,33.30475999,250295.1814,3688283.872,126.3180863,33.30475999
1035,250295.0498,3688283.723,126.318085,33.30475862,250295.0498,3688283.723,126.318085,33.30475862
1036,250294.922,3688283.572,126.3180836,33.30475723,250294.922,3688283.572,126.3180836,33.30475723
1037,250294.7984,3688283.42,126.3180823,33.30475583,250294.7984,3688283.42,126.3180823,33.30475583
1038,250294.6646,3688283.275,126.3180809,33.30475449,250294.6646,3688283.275,126.3180809,33.30475449
1039,250294.5277,3688283.134,126.3180795,33.30475319,250294.5277,3688283.134,126.3180795,33.30475319
1040,250294.3974,3688282.986,126.3180782,33.30475182,250294.3974,3688282.986,126.3180782,33.30475182
1041,250294.267,3688282.839,126.3180768,33.30475047,250294.267,3688282.839,126.3180768,33.30475047
1042,250294.1447,3688282.686,126.3180755,33.30474906,250294.1447,3688282.686,126.3180755,33.30474906
1043,250294.0238,3688282.535,126.3180743,33.30474767,250294.0238,3688282.535,126.3180743,33.30474767
1044,250293.8982,3688282.385,126.318073,33.30474629,250293.8982,3688282.385,126.318073,33.30474629
1045,250293.7785,3688282.232,126.3180717,33.30474489,250293.7785,3688282.232,126.3180717,33.30474489
1046,250293.6462,3688282.084,126.3180703,33.30474352,250293.6462,3688282.084,126.3180703,33.30474352
1047,250293.5291,3688281.929,126.3180691,33.3047421,250293.5291,3688281.929,126.3180691,33.3047421
1048,250293.4141,3688281.771,126.3180679,33.30474065,250293.4141,3688281.771,126.3180679,33.30474065
1049,250293.2853,3688281.622,126.3180666,33.30473928,250293.2853,3688281.622,126.3180666,33.30473928
1050,250293.1619,3688281.469,126.3180653,33.30473787,250293.1619,3688281.469,126.3180653,33.30473787
1051,250293.0261,3688281.328,126.3180639,33.30473657,250293.0261,3688281.328,126.3180639,33.30473657
1052,250292.9043,3688281.172,126.3180626,33.30473513,250292.9043,3688281.172,126.3180626,33.30473513
1053,250292.774,3688281.026,126.3180613,33.30473379,250292.774,3688281.026,126.3180613,33.30473379
1054,250292.6624,3688280.879,126.3180601,33.30473244,250292.6624,3688280.879,126.3180601,33.30473244
1055,250292.5333,3688280.73,126.3180588,33.30473107,250292.5333,3688280.73,126.3180588,33.30473107
1056,250292.3914,3688280.59,126.3180573,33.30472977,250292.3914,3688280.59,126.3180573,33.30472977
1057,250292.2591,3688280.451,126.3180559,33.30472849,250292.2591,3688280.451,126.3180559,33.30472849
1058,250292.1439,3688280.291,126.3180547,33.30472702,250292.1439,3688280.291,126.3180547,33.30472702
1059,250292.0217,3688280.137,126.3180535,33.3047256,250292.0217,3688280.137,126.3180535,33.3047256
1060,250291.88,3688279.998,126.318052,33.30472432,250291.88,3688279.998,126.318052,33.30472432
1061,250291.7558,3688279.847,126.3180507,33.30472293,250291.7558,3688279.847,126.3180507,33.30472293
1062,250291.6378,3688279.686,126.3180495,33.30472145,250291.6378,3688279.686,126.3180495,33.30472145
1063,250291.511,3688279.534,126.3180481,33.30472005,250291.511,3688279.534,126.3180481,33.30472005
1064,250291.3758,3688279.389,126.3180467,33.30471871,250291.3758,3688279.389,126.3180467,33.30471871
1065,250291.2519,3688279.234,126.3180454,33.30471729,250291.2519,3688279.234,126.3180454,33.30471729
1066,250291.1368,3688279.074,126.3180443,33.30471582,250291.1368,3688279.074,126.3180443,33.30471582
1067,250291.0149,3688278.917,126.318043,33.30471438,250291.0149,3688278.917,126.318043,33.30471438
1068,250290.8768,3688278.775,126.3180415,33.30471307,250290.8768,3688278.775,126.3180415,33.30471307
1069,250290.7379,3688278.634,126.3180401,33.30471176,250290.7379,3688278.634,126.3180401,33.30471176
1070,250290.5991,3688278.492,126.3180386,33.30471045,250290.5991,3688278.492,126.3180386,33.30471045
1071,250290.4874,3688278.33,126.3180375,33.30470897,250290.4874,3688278.33,126.3180375,33.30470897
1072,250290.3624,3688278.185,126.3180362,33.30470763,250290.3624,3688278.185,126.3180362,33.30470763
1073,250290.2354,3688278.039,126.3180349,33.30470629,250290.2354,3688278.039,126.3180349,33.30470629
1074,250290.1012,3688277.897,126.3180335,33.30470498,250290.1012,3688277.897,126.3180335,33.30470498
1075,250289.9858,3688277.736,126.3180323,33.3047035,250289.9858,3688277.736,126.3180323,33.3047035
1076,250289.879,3688277.575,126.3180312,33.30470202,250289.879,3688277.575,126.3180312,33.30470202
1077,250289.748,3688277.425,126.3180298,33.30470064,250289.748,3688277.425,126.3180298,33.30470064
1078,250289.6248,3688277.274,126.3180285,33.30469925,250289.6248,3688277.274,126.3180285,33.30469925
1079,250289.49,3688277.133,126.3180271,33.30469795,250289.49,3688277.133,126.3180271,33.30469795
1080,250289.3662,3688276.98,126.3180258,33.30469654,250289.3662,3688276.98,126.3180258,33.30469654
1081,250289.2283,3688276.839,126.3180244,33.30469524,250289.2283,3688276.839,126.3180244,33.30469524
1082,250289.1071,3688276.682,126.3180231,33.3046938,250289.1071,3688276.682,126.3180231,33.3046938
1083,250288.9848,3688276.529,126.3180219,33.30469239,250288.9848,3688276.529,126.3180219,33.30469239
1084,250288.8559,3688276.38,126.3180205,33.30469102,250288.8559,3688276.38,126.3180205,33.30469102
1085,250288.7272,3688276.236,126.3180192,33.30468969,250288.7272,3688276.236,126.3180192,33.30468969
1086,250288.6073,3688276.084,126.3180179,33.3046883,250288.6073,3688276.084,126.3180179,33.3046883
1087,250288.4677,3688275.943,126.3180165,33.30468699,250288.4677,3688275.943,126.3180165,33.30468699
1088,250288.3484,3688275.788,126.3180152,33.30468557,250288.3484,3688275.788,126.3180152,33.30468557
1089,250288.2169,3688275.642,126.3180139,33.30468422,250288.2169,3688275.642,126.3180139,33.30468422
1090,250288.0883,3688275.506,126.3180125,33.30468297,250288.0883,3688275.506,126.3180125,33.30468297
1091,250287.9754,3688275.348,126.3180114,33.30468152,250287.9754,3688275.348,126.3180114,33.30468152
1092,250287.8383,3688275.205,126.3180099,33.3046802,250287.8383,3688275.205,126.3180099,33.3046802
1093,250287.7056,3688275.063,126.3180085,33.30467889,250287.7056,3688275.063,126.3180085,33.30467889
1094,250287.5942,3688274.898,126.3180074,33.30467737,250287.5942,3688274.898,126.3180074,33.30467737
1095,250287.4638,3688274.754,126.318006,33.30467605,250287.4638,3688274.754,126.318006,33.30467605
1096,250287.3442,3688274.599,126.3180048,33.30467462,250287.3442,3688274.599,126.3180048,33.30467462
1097,250287.2229,3688274.443,126.3180035,33.30467319,250287.2229,3688274.443,126.3180035,33.30467319
1098,250287.0939,3688274.3,126.3180022,33.30467187,250287.0939,3688274.3,126.3180022,33.30467187
1099,250286.9746,3688274.145,126.318001,33.30467045,250286.9746,3688274.145,126.318001,33.30467045
1100,250286.8508,3688274.001,126.3179997,33.30466912,250286.8508,3688274.001,126.3179997,33.30466912
1101,250286.734,3688273.845,126.3179985,33.30466769,250286.734,3688273.845,126.3179985,33.30466769
1102,250286.6056,3688273.693,126.3179971,33.30466629,250286.6056,3688273.693,126.3179971,33.30466629
1103,250286.4769,3688273.548,126.3179958,33.30466495,250286.4769,3688273.548,126.3179958,33.30466495
1104,250286.3538,3688273.393,126.3179945,33.30466353,250286.3538,3688273.393,126.3179945,33.30466353
1105,250286.2235,3688273.243,126.3179931,33.30466215,250286.2235,3688273.243,126.3179931,33.30466215
1106,250286.0944,3688273.098,126.3179918,33.30466081,250286.0944,3688273.098,126.3179918,33.30466081
1107,250285.9737,3688272.943,126.3179905,33.30465938,250285.9737,3688272.943,126.3179905,33.30465938
1108,250285.8332,3688272.804,126.3179891,33.3046581,250285.8332,3688272.804,126.3179891,33.3046581
1109,250285.7195,3688272.646,126.3179879,33.30465665,250285.7195,3688272.646,126.3179879,33.30465665
1110,250285.5829,3688272.502,126.3179865,33.30465532,250285.5829,3688272.502,126.3179865,33.30465532
1111,250285.4597,3688272.352,126.3179852,33.30465394,250285.4597,3688272.352,126.3179852,33.30465394
1112,250285.3415,3688272.193,126.317984,33.30465248,250285.3415,3688272.193,126.317984,33.30465248
1113,250285.214,3688272.04,126.3179826,33.30465107,250285.214,3688272.04,126.3179826,33.30465107
1114,250285.088,3688271.887,126.3179813,33.30464966,250285.088,3688271.887,126.3179813,33.30464966
1115,250284.961,3688271.736,126.31798,33.30464827,250284.961,3688271.736,126.31798,33.30464827
1116,250284.8299,3688271.593,126.3179786,33.30464696,250284.8299,3688271.593,126.3179786,33.30464696
1117,250284.7002,3688271.445,126.3179773,33.30464559,250284.7002,3688271.445,126.3179773,33.30464559
1118,250284.5707,3688271.299,126.3179759,33.30464425,250284.5707,3688271.299,126.3179759,33.30464425
1119,250284.4464,3688271.143,126.3179747,33.30464281,250284.4464,3688271.143,126.3179747,33.30464281
1120,250284.3128,3688270.994,126.3179733,33.30464144,250284.3128,3688270.994,126.3179733,33.30464144
1121,250284.1935,3688270.841,126.317972,33.30464003,250284.1935,3688270.841,126.317972,33.30464003
1122,250284.0561,3688270.7,126.3179706,33.30463873,250284.0561,3688270.7,126.3179706,33.30463873
1123,250283.9403,3688270.541,126.3179694,33.30463727,250283.9403,3688270.541,126.3179694,33.30463727
1124,250283.8113,3688270.39,126.317968,33.30463588,250283.8113,3688270.39,126.317968,33.30463588
1125,250283.6829,3688270.239,126.3179667,33.30463449,250283.6829,3688270.239,126.3179667,33.30463449
1126,250283.5585,3688270.086,126.3179654,33.30463308,250283.5585,3688270.086,126.3179654,33.30463308
1127,250283.4344,3688269.939,126.3179641,33.30463173,250283.4344,3688269.939,126.3179641,33.30463173
1128,250283.3138,3688269.785,126.3179629,33.30463031,250283.3138,3688269.785,126.3179629,33.30463031
1129,250283.1898,3688269.632,126.3179616,33.30462891,250283.1898,3688269.632,126.3179616,33.30462891
1130,250283.0666,3688269.476,126.3179603,33.30462747,250283.0666,3688269.476,126.3179603,33.30462747
1131,250282.9446,3688269.321,126.317959,33.30462605,250282.9446,3688269.321,126.317959,33.30462605
1132,250282.8137,3688269.173,126.3179577,33.30462468,250282.8137,3688269.173,126.3179577,33.30462468
1133,250282.6914,3688269.02,126.3179564,33.30462328,250282.6914,3688269.02,126.3179564,33.30462328
1134,250282.5629,3688268.871,126.3179551,33.30462191,250282.5629,3688268.871,126.3179551,33.30462191
1135,250282.435,3688268.726,126.3179537,33.30462057,250282.435,3688268.726,126.3179537,33.30462057
1136,250282.307,3688268.582,126.3179524,33.30461924,250282.307,3688268.582,126.3179524,33.30461924
1137,250282.1759,3688268.432,126.317951,33.30461786,250282.1759,3688268.432,126.317951,33.30461786
1138,250282.0579,3688268.271,126.3179498,33.30461638,250282.0579,3688268.271,126.3179498,33.30461638
1139,250281.9425,3688268.115,126.3179486,33.30461495,250281.9425,3688268.115,126.3179486,33.30461495
1140,250281.8224,3688267.957,126.3179474,33.3046135,250281.8224,3688267.957,126.3179474,33.3046135
1141,250281.713,3688267.793,126.3179462,33.304612,250281.713,3688267.793,126.3179462,33.304612
1142,250281.5883,3688267.643,126.317945,33.30461061,250281.5883,3688267.643,126.317945,33.30461061
1143,250281.4622,3688267.493,126.3179436,33.30460923,250281.4622,3688267.493,126.3179436,33.30460923
1144,250281.3399,3688267.343,126.3179424,33.30460785,250281.3399,3688267.343,126.3179424,33.30460785
1145,250281.2003,3688267.204,126.3179409,33.30460657,250281.2003,3688267.204,126.3179409,33.30460657
1146,250281.0837,3688267.046,126.3179397,33.30460512,250281.0837,3688267.046,126.3179397,33.30460512
1147,250280.9619,3688266.889,126.3179384,33.30460368,250280.9619,3688266.889,126.3179384,33.30460368
1148,250280.8628,3688266.718,126.3179374,33.30460211,250280.8628,3688266.718,126.3179374,33.30460211
1149,250280.7266,3688266.582,126.317936,33.30460086,250280.7266,3688266.582,126.317936,33.30460086
1150,250280.5933,3688266.442,126.3179346,33.30459956,250280.5933,3688266.442,126.3179346,33.30459956
1151,250280.4707,3688266.291,126.3179333,33.30459817,250280.4707,3688266.291,126.3179333,33.30459817
1152,250280.3514,3688266.138,126.3179321,33.30459677,250280.3514,3688266.138,126.3179321,33.30459677
1153,250280.2207,3688265.99,126.3179307,33.3045954,250280.2207,3688265.99,126.3179307,33.3045954
1154,250280.0908,3688265.844,126.3179294,33.30459406,250280.0908,3688265.844,126.3179294,33.30459406
1155,250279.9673,3688265.691,126.3179281,33.30459265,250279.9673,3688265.691,126.3179281,33.30459265
1156,250279.8357,3688265.55,126.3179267,33.30459135,250279.8357,3688265.55,126.3179267,33.30459135
1157,250279.6979,3688265.416,126.3179253,33.30459011,250279.6979,3688265.416,126.3179253,33.30459011
1158,250279.5744,3688265.263,126.317924,33.3045887,250279.5744,3688265.263,126.317924,33.3045887
1159,250279.4387,3688265.123,126.3179226,33.30458741,250279.4387,3688265.123,126.3179226,33.30458741
1160,250279.2989,3688264.983,126.3179211,33.30458612,250279.2989,3688264.983,126.3179211,33.30458612
1161,250279.1894,3688264.82,126.31792,33.30458462,250279.1894,3688264.82,126.31792,33.30458462
1162,250279.0414,3688264.69,126.3179184,33.30458342,250279.0414,3688264.69,126.3179184,33.30458342
1163,250278.9127,3688264.543,126.3179171,33.30458206,250278.9127,3688264.543,126.3179171,33.30458206
1164,250278.7847,3688264.393,126.3179158,33.30458068,250278.7847,3688264.393,126.3179158,33.30458068
1165,250278.6589,3688264.245,126.3179145,33.30457932,250278.6589,3688264.245,126.3179145,33.30457932
1166,250278.5413,3688264.09,126.3179132,33.3045779,250278.5413,3688264.09,126.3179132,33.3045779
1167,250278.407,3688263.946,126.3179118,33.30457657,250278.407,3688263.946,126.3179118,33.30457657
1168,250278.2695,3688263.802,126.3179104,33.30457524,250278.2695,3688263.802,126.3179104,33.30457524
1169,250278.1371,3688263.652,126.317909,33.30457386,250278.1371,3688263.652,126.317909,33.30457386
1170,250278.0164,3688263.5,126.3179078,33.30457246,250278.0164,3688263.5,126.3179078,33.30457246
1171,250277.9056,3688263.34,126.3179066,33.30457099,250277.9056,3688263.34,126.3179066,33.30457099
1172,250277.777,3688263.191,126.3179053,33.30456962,250277.777,3688263.191,126.3179053,33.30456962
1173,250277.6544,3688263.04,126.317904,33.30456823,250277.6544,3688263.04,126.317904,33.30456823
1174,250277.5366,3688262.882,126.3179028,33.30456678,250277.5366,3688262.882,126.3179028,33.30456678
1175,250277.4081,3688262.738,126.3179015,33.30456545,250277.4081,3688262.738,126.3179015,33.30456545
1176,250277.2893,3688262.579,126.3179002,33.30456399,250277.2893,3688262.579,126.3179002,33.30456399
1177,250277.1668,3688262.428,126.3178989,33.3045626,250277.1668,3688262.428,126.3178989,33.3045626
1178,250277.0362,3688262.283,126.3178976,33.30456127,250277.0362,3688262.283,126.3178976,33.30456127
1179,250276.9295,3688262.12,126.3178965,33.30455977,250276.9295,3688262.12,126.3178965,33.30455977
1180,250276.8047,3688261.966,126.3178952,33.30455836,250276.8047,3688261.966,126.3178952,33.30455836
1181,250276.6809,3688261.813,126.3178939,33.30455695,250276.6809,3688261.813,126.3178939,33.30455695
1182,250276.5615,3688261.655,126.3178927,33.3045555,250276.5615,3688261.655,126.3178927,33.3045555
1183,250276.4283,3688261.512,126.3178913,33.30455418,250276.4283,3688261.512,126.3178913,33.30455418
1184,250276.3016,3688261.364,126.31789,33.30455282,250276.3016,3688261.364,126.31789,33.30455282
1185,250276.1737,3688261.213,126.3178886,33.30455143,250276.1737,3688261.213,126.3178886,33.30455143
1186,250276.0497,3688261.059,126.3178873,33.30455001,250276.0497,3688261.059,126.3178873,33.30455001
1187,250275.9291,3688260.905,126.3178861,33.30454859,250275.9291,3688260.905,126.3178861,33.30454859
1188,250275.8039,3688260.754,126.3178848,33.3045472,250275.8039,3688260.754,126.3178848,33.3045472
1189,250275.6734,3688260.612,126.3178834,33.30454589,250275.6734,3688260.612,126.3178834,33.30454589
1190,250275.5424,3688260.463,126.3178821,33.30454452,250275.5424,3688260.463,126.3178821,33.30454452
1191,250275.4208,3688260.312,126.3178808,33.30454313,250275.4208,3688260.312,126.3178808,33.30454313
1192,250275.2995,3688260.158,126.3178795,33.30454172,250275.2995,3688260.158,126.3178795,33.30454172
1193,250275.1806,3688260.001,126.3178783,33.30454028,250275.1806,3688260.001,126.3178783,33.30454028
1194,250275.0326,3688259.869,126.3178768,33.30453905,250275.0326,3688259.869,126.3178768,33.30453905
1195,250274.9188,3688259.708,126.3178756,33.30453757,250274.9188,3688259.708,126.3178756,33.30453757
1196,250274.7851,3688259.567,126.3178742,33.30453627,250274.7851,3688259.567,126.3178742,33.30453627
1197,250274.667,3688259.405,126.317873,33.30453479,250274.667,3688259.405,126.317873,33.30453479
1198,250274.5376,3688259.261,126.3178716,33.30453346,250274.5376,3688259.261,126.3178716,33.30453346
1199,250274.4176,3688259.102,126.3178704,33.304532,250274.4176,3688259.102,126.3178704,33.304532
1200,250274.2882,3688258.958,126.317869,33.30453067,250274.2882,3688258.958,126.317869,33.30453067
1201,250274.1679,3688258.804,126.3178678,33.30452926,250274.1679,3688258.804,126.3178678,33.30452926
1202,250274.0375,3688258.657,126.3178664,33.3045279,250274.0375,3688258.657,126.3178664,33.3045279
1203,250273.8954,3688258.52,126.3178649,33.30452663,250273.8954,3688258.52,126.3178649,33.30452663
1204,250273.7589,3688258.379,126.3178635,33.30452533,250273.7589,3688258.379,126.3178635,33.30452533
1205,250273.6275,3688258.23,126.3178621,33.30452396,250273.6275,3688258.23,126.3178621,33.30452396
1206,250273.4914,3688258.091,126.3178607,33.30452267,250273.4914,3688258.091,126.3178607,33.30452267
1207,250273.3674,3688257.936,126.3178594,33.30452125,250273.3674,3688257.936,126.3178594,33.30452125
1208,250273.2488,3688257.783,126.3178582,33.30451984,250273.2488,3688257.783,126.3178582,33.30451984
1209,250273.1378,3688257.624,126.317857,33.30451838,250273.1378,3688257.624,126.317857,33.30451838
1210,250273.0091,3688257.479,126.3178557,33.30451705,250273.0091,3688257.479,126.3178557,33.30451705
1211,250272.8926,3688257.318,126.3178545,33.30451557,250272.8926,3688257.318,126.3178545,33.30451557
1212,250272.7742,3688257.157,126.3178533,33.30451409,250272.7742,3688257.157,126.3178533,33.30451409
1213,250272.6486,3688257.007,126.317852,33.30451271,250272.6486,3688257.007,126.317852,33.30451271
1214,250272.5443,3688256.841,126.3178509,33.30451119,250272.5443,3688256.841,126.3178509,33.30451119
1215,250272.4284,3688256.685,126.3178497,33.30450976,250272.4284,3688256.685,126.3178497,33.30450976
1216,250272.3096,3688256.524,126.3178485,33.30450828,250272.3096,3688256.524,126.3178485,33.30450828
1217,250272.1925,3688256.365,126.3178472,33.30450682,250272.1925,3688256.365,126.3178472,33.30450682
1218,250272.0893,3688256.2,126.3178462,33.30450531,250272.0893,3688256.2,126.3178462,33.30450531
1219,250271.9721,3688256.044,126.317845,33.30450388,250271.9721,3688256.044,126.317845,33.30450388
1220,250271.8672,3688255.88,126.3178439,33.30450238,250271.8672,3688255.88,126.3178439,33.30450238
1221,250271.7403,3688255.727,126.3178426,33.30450097,250271.7403,3688255.727,126.3178426,33.30450097
1222,250271.6325,3688255.562,126.3178415,33.30449946,250271.6325,3688255.562,126.3178415,33.30449946
1223,250271.5136,3688255.405,126.3178402,33.30449802,250271.5136,3688255.405,126.3178402,33.30449802
1224,250271.4104,3688255.239,126.3178392,33.3044965,250271.4104,3688255.239,126.3178392,33.3044965
1225,250271.29,3688255.084,126.3178379,33.30449507,250271.29,3688255.084,126.3178379,33.30449507
1226,250271.1597,3688254.938,126.3178366,33.30449373,250271.1597,3688254.938,126.3178366,33.30449373
1227,250271.0312,3688254.788,126.3178352,33.30449234,250271.0312,3688254.788,126.3178352,33.30449234
1228,250270.9162,3688254.631,126.317834,33.3044909,250270.9162,3688254.631,126.317834,33.3044909
1229,250270.7981,3688254.474,126.3178328,33.30448946,250270.7981,3688254.474,126.3178328,33.30448946
1230,250270.6624,3688254.335,126.3178314,33.30448818,250270.6624,3688254.335,126.3178314,33.30448818
1231,250270.5291,3688254.189,126.31783,33.30448683,250270.5291,3688254.189,126.31783,33.30448683
1232,250270.424,3688254.022,126.3178289,33.3044853,250270.424,3688254.022,126.3178289,33.3044853
1233,250270.2882,3688253.881,126.3178275,33.304484,250270.2882,3688253.881,126.3178275,33.304484
1234,250270.1578,3688253.734,126.3178261,33.30448265,250270.1578,3688253.734,126.3178261,33.30448265
1235,250270.0284,3688253.587,126.3178248,33.30448129,250270.0284,3688253.587,126.3178248,33.30448129
1236,250269.9071,3688253.431,126.3178235,33.30447986,250269.9071,3688253.431,126.3178235,33.30447986
1237,250269.7758,3688253.284,126.3178222,33.3044785,250269.7758,3688253.284,126.3178222,33.3044785
1238,250269.6364,3688253.146,126.3178207,33.30447723,250269.6364,3688253.146,126.3178207,33.30447723
1239,250269.516,3688252.989,126.3178195,33.30447578,250269.516,3688252.989,126.3178195,33.30447578
1240,250269.3939,3688252.852,126.3178182,33.30447452,250269.3939,3688252.852,126.3178182,33.30447452
1241,250269.2615,3688252.703,126.3178168,33.30447315,250269.2615,3688252.703,126.3178168,33.30447315
1242,250269.1382,3688252.552,126.3178155,33.30447176,250269.1382,3688252.552,126.3178155,33.30447176
1243,250269.0117,3688252.402,126.3178142,33.30447038,250269.0117,3688252.402,126.3178142,33.30447038
1244,250268.8932,3688252.242,126.317813,33.30446891,250268.8932,3688252.242,126.317813,33.30446891
1245,250268.7681,3688252.09,126.3178117,33.30446751,250268.7681,3688252.09,126.3178117,33.30446751
1246,250268.6389,3688251.957,126.3178103,33.30446628,250268.6389,3688251.957,126.3178103,33.30446628
1247,250268.5102,3688251.811,126.317809,33.30446494,250268.5102,3688251.811,126.317809,33.30446494
1248,250268.3877,3688251.661,126.3178077,33.30446356,250268.3877,3688251.661,126.3178077,33.30446356
1249,250268.2569,3688251.513,126.3178064,33.30446219,250268.2569,3688251.513,126.3178064,33.30446219
1250,250268.1279,3688251.368,126.317805,33.30446086,250268.1279,3688251.368,126.317805,33.30446086
1251,250268.0057,3688251.212,126.3178037,33.30445942,250268.0057,3688251.212,126.3178037,33.30445942
1252,250267.8807,3688251.061,126.3178024,33.30445803,250267.8807,3688251.061,126.3178024,33.30445803
1253,250267.7555,3688250.909,126.3178011,33.30445664,250267.7555,3688250.909,126.3178011,33.30445664
1254,250267.6189,3688250.77,126.3177997,33.30445535,250267.6189,3688250.77,126.3177997,33.30445535
1255,250267.4976,3688250.618,126.3177985,33.30445395,250267.4976,3688250.618,126.3177985,33.30445395
1256,250267.3646,3688250.469,126.3177971,33.30445258,250267.3646,3688250.469,126.3177971,33.30445258
1257,250267.2325,3688250.327,126.3177957,33.30445127,250267.2325,3688250.327,126.3177957,33.30445127
1258,250267.1064,3688250.176,126.3177944,33.30444988,250267.1064,3688250.176,126.3177944,33.30444988
1259,250266.9779,3688250.025,126.317793,33.30444849,250266.9779,3688250.025,126.317793,33.30444849
1260,250266.853,3688249.872,126.3177917,33.30444708,250266.853,3688249.872,126.3177917,33.30444708
1261,250266.7299,3688249.723,126.3177905,33.30444571,250266.7299,3688249.723,126.3177905,33.30444571
1262,250266.5782,3688249.597,126.3177889,33.30444454,250266.5782,3688249.597,126.3177889,33.30444454
1263,250266.4643,3688249.434,126.3177877,33.30444305,250266.4643,3688249.434,126.3177877,33.30444305
1264,250266.3293,3688249.297,126.3177863,33.30444178,250266.3293,3688249.297,126.3177863,33.30444178
1265,250266.1924,3688249.157,126.3177849,33.30444049,250266.1924,3688249.157,126.3177849,33.30444049
1266,250266.0875,3688248.989,126.3177838,33.30443895,250266.0875,3688248.989,126.3177838,33.30443895
1267,250265.9443,3688248.852,126.3177823,33.30443768,250265.9443,3688248.852,126.3177823,33.30443768
1268,250265.8094,3688248.711,126.3177809,33.30443638,250265.8094,3688248.711,126.3177809,33.30443638
1269,250265.7118,3688248.538,126.3177799,33.3044348,250265.7118,3688248.538,126.3177799,33.3044348
1270,250265.5674,3688248.403,126.3177784,33.30443355,250265.5674,3688248.403,126.3177784,33.30443355
1271,250265.4261,3688248.269,126.3177769,33.30443231,250265.4261,3688248.269,126.3177769,33.30443231
1272,250265.2907,3688248.129,126.3177755,33.30443102,250265.2907,3688248.129,126.3177755,33.30443102
1273,250265.1722,3688247.973,126.3177742,33.30442958,250265.1722,3688247.973,126.3177742,33.30442958
1274,250265.0349,3688247.834,126.3177728,33.3044283,250265.0349,3688247.834,126.3177728,33.3044283
1275,250264.9036,3688247.685,126.3177714,33.30442693,250264.9036,3688247.685,126.3177714,33.30442693
1276,250264.7644,3688247.55,126.31777,33.30442568,250264.7644,3688247.55,126.31777,33.30442568
1277,250264.6207,3688247.418,126.3177685,33.30442445,250264.6207,3688247.418,126.3177685,33.30442445
1278,250264.5125,3688247.256,126.3177674,33.30442297,250264.5125,3688247.256,126.3177674,33.30442297
1279,250264.3831,3688247.109,126.317766,33.30442162,250264.3831,3688247.109,126.317766,33.30442162
1280,250264.25,3688246.965,126.3177646,33.30442029,250264.25,3688246.965,126.3177646,33.30442029
1281,250264.1166,3688246.816,126.3177632,33.30441891,250264.1166,3688246.816,126.3177632,33.30441891
1282,250264.0007,3688246.656,126.317762,33.30441745,250264.0007,3688246.656,126.317762,33.30441745
1283,250263.8965,3688246.492,126.317761,33.30441594,250263.8965,3688246.492,126.317761,33.30441594
1284,250263.7769,3688246.334,126.3177597,33.30441449,250263.7769,3688246.334,126.3177597,33.30441449
1285,250263.6601,3688246.177,126.3177585,33.30441305,250263.6601,3688246.177,126.3177585,33.30441305
1286,250263.5314,3688246.027,126.3177572,33.30441167,250263.5314,3688246.027,126.3177572,33.30441167
1287,250263.4202,3688245.862,126.317756,33.30441016,250263.4202,3688245.862,126.317756,33.30441016
1288,250263.285,3688245.724,126.3177546,33.30440888,250263.285,3688245.724,126.3177546,33.30440888
1289,250263.1518,3688245.579,126.3177532,33.30440754,250263.1518,3688245.579,126.3177532,33.30440754
1290,250263.0029,3688245.45,126.3177517,33.30440635,250263.0029,3688245.45,126.3177517,33.30440635
1291,250262.877,3688245.302,126.3177503,33.30440499,250262.877,3688245.302,126.3177503,33.30440499
1292,250262.728,3688245.173,126.3177488,33.30440379,250262.728,3688245.173,126.3177488,33.30440379
1293,250262.6048,3688245.024,126.3177475,33.30440242,250262.6048,3688245.024,126.3177475,33.30440242
1294,250262.4691,3688244.884,126.3177461,33.30440112,250262.4691,3688244.884,126.3177461,33.30440112
1295,250262.3334,3688244.744,126.3177447,33.30439983,250262.3334,3688244.744,126.3177447,33.30439983
1296,250262.1952,3688244.61,126.3177432,33.30439859,250262.1952,3688244.61,126.3177432,33.30439859
1297,250262.0578,3688244.479,126.3177418,33.30439738,250262.0578,3688244.479,126.3177418,33.30439738
1298,250261.9145,3688244.343,126.3177403,33.30439612,250261.9145,3688244.343,126.3177403,33.30439612
1299,250261.776,3688244.208,126.3177388,33.30439487,250261.776,3688244.208,126.3177388,33.30439487
1300,250261.6317,3688244.08,126.3177373,33.30439369,250261.6317,3688244.08,126.3177373,33.30439369
1301,250261.4853,3688243.947,126.3177358,33.30439245,250261.4853,3688243.947,126.3177358,33.30439245
1302,250261.3474,3688243.805,126.3177343,33.30439114,250261.3474,3688243.805,126.3177343,33.30439114
1303,250261.2019,3688243.676,126.3177328,33.30438995,250261.2019,3688243.676,126.3177328,33.30438995
1304,250261.0608,3688243.541,126.3177313,33.3043887,250261.0608,3688243.541,126.3177313,33.3043887
1305,250260.9218,3688243.406,126.3177299,33.30438745,250260.9218,3688243.406,126.3177299,33.30438745
1306,250260.7837,3688243.271,126.3177284,33.3043862,250260.7837,3688243.271,126.3177284,33.3043862
1307,250260.6352,3688243.146,126.3177269,33.30438504,250260.6352,3688243.146,126.3177269,33.30438504
1308,250260.5068,3688243.001,126.3177255,33.3043837,250260.5068,3688243.001,126.3177255,33.3043837
1309,250260.3601,3688242.867,126.317724,33.30438246,250260.3601,3688242.867,126.317724,33.30438246
1310,250260.2255,3688242.734,126.3177226,33.30438123,250260.2255,3688242.734,126.3177226,33.30438123
1311,250260.0859,3688242.603,126.3177211,33.30438002,250260.0859,3688242.603,126.3177211,33.30438002
1312,250259.9391,3688242.467,126.3177196,33.30437876,250259.9391,3688242.467,126.3177196,33.30437876
1313,250259.8059,3688242.322,126.3177182,33.30437742,250259.8059,3688242.322,126.3177182,33.30437742
1314,250259.6691,3688242.18,126.3177168,33.30437611,250259.6691,3688242.18,126.3177168,33.30437611
1315,250259.5307,3688242.046,126.3177153,33.30437487,250259.5307,3688242.046,126.3177153,33.30437487
1316,250259.3835,3688241.918,126.3177138,33.30437369,250259.3835,3688241.918,126.3177138,33.30437369
1317,250259.255,3688241.766,126.3177125,33.30437229,250259.255,3688241.766,126.3177125,33.30437229
1318,250259.1125,3688241.635,126.317711,33.30437107,250259.1125,3688241.635,126.317711,33.30437107
1319,250258.9877,3688241.482,126.3177097,33.30436967,250258.9877,3688241.482,126.3177097,33.30436967
1320,250258.8584,3688241.336,126.3177083,33.30436832,250258.8584,3688241.336,126.3177083,33.30436832
1321,250258.7285,3688241.189,126.317707,33.30436697,250258.7285,3688241.189,126.317707,33.30436697
1322,250258.6004,3688241.044,126.3177056,33.30436563,250258.6004,3688241.044,126.3177056,33.30436563
1323,250258.4699,3688240.898,126.3177043,33.30436428,250258.4699,3688240.898,126.3177043,33.30436428
1324,250258.3491,3688240.743,126.317703,33.30436286,250258.3491,3688240.743,126.317703,33.30436286
1325,250258.2087,3688240.604,126.3177016,33.30436157,250258.2087,3688240.604,126.3177016,33.30436157
1326,250258.0874,3688240.448,126.3177003,33.30436014,250258.0874,3688240.448,126.3177003,33.30436014
1327,250257.9562,3688240.302,126.3176989,33.30435879,250257.9562,3688240.302,126.3176989,33.30435879
1328,250257.8269,3688240.155,126.3176976,33.30435744,250257.8269,3688240.155,126.3176976,33.30435744
1329,250257.6896,3688240.016,126.3176961,33.30435616,250257.6896,3688240.016,126.3176961,33.30435616
1330,250257.5615,3688239.869,126.3176948,33.3043548,250257.5615,3688239.869,126.3176948,33.3043548
1331,250257.4203,3688239.728,126.3176933,33.3043535,250257.4203,3688239.728,126.3176933,33.3043535
1332,250257.2938,3688239.577,126.317692,33.30435211,250257.2938,3688239.577,126.317692,33.30435211
1333,250257.1523,3688239.439,126.3176905,33.30435083,250257.1523,3688239.439,126.3176905,33.30435083
1334,250257.0258,3688239.285,126.3176892,33.30434942,250257.0258,3688239.285,126.3176892,33.30434942
1335,250256.8889,3688239.145,126.3176878,33.30434812,250256.8889,3688239.145,126.3176878,33.30434812
1336,250256.7552,3688239.001,126.3176864,33.30434679,250256.7552,3688239.001,126.3176864,33.30434679
1337,250256.6185,3688238.867,126.317685,33.30434556,250256.6185,3688238.867,126.317685,33.30434556
1338,250256.487,3688238.725,126.3176836,33.30434425,250256.487,3688238.725,126.3176836,33.30434425
1339,250256.3519,3688238.586,126.3176822,33.30434296,250256.3519,3688238.586,126.3176822,33.30434296
1340,250256.217,3688238.45,126.3176808,33.3043417,250256.217,3688238.45,126.3176808,33.3043417
1341,250256.0828,3688238.306,126.3176794,33.30434038,250256.0828,3688238.306,126.3176794,33.30434038
1342,250255.9472,3688238.166,126.317678,33.30433908,250255.9472,3688238.166,126.317678,33.30433908
1343,250255.8142,3688238.02,126.3176766,33.30433774,250255.8142,3688238.02,126.3176766,33.30433774
1344,250255.6847,3688237.875,126.3176752,33.3043364,250255.6847,3688237.875,126.3176752,33.3043364
1345,250255.5631,3688237.717,126.317674,33.30433495,250255.5631,3688237.717,126.317674,33.30433495
1346,250255.4408,3688237.561,126.3176727,33.30433352,250255.4408,3688237.561,126.3176727,33.30433352
1347,250255.3105,3688237.415,126.3176713,33.30433217,250255.3105,3688237.415,126.3176713,33.30433217
1348,250255.1847,3688237.263,126.31767,33.30433077,250255.1847,3688237.263,126.31767,33.30433077
1349,250255.0579,3688237.112,126.3176687,33.30432938,250255.0579,3688237.112,126.3176687,33.30432938
1350,250254.9285,3688236.965,126.3176674,33.30432803,250254.9285,3688236.965,126.3176674,33.30432803
1351,250254.7981,3688236.817,126.317666,33.30432666,250254.7981,3688236.817,126.317666,33.30432666
1352,250254.6839,3688236.661,126.3176648,33.30432523,250254.6839,3688236.661,126.3176648,33.30432523
1353,250254.5502,3688236.518,126.3176634,33.30432391,250254.5502,3688236.518,126.3176634,33.30432391
1354,250254.4207,3688236.372,126.3176621,33.30432257,250254.4207,3688236.372,126.3176621,33.30432257
1355,250254.2802,3688236.232,126.3176606,33.30432127,250254.2802,3688236.232,126.3176606,33.30432127
1356,250254.1632,3688236.071,126.3176594,33.30431979,250254.1632,3688236.071,126.3176594,33.30431979
1357,250254.0222,3688235.939,126.3176579,33.30431857,250254.0222,3688235.939,126.3176579,33.30431857
1358,250253.901,3688235.785,126.3176567,33.30431716,250253.901,3688235.785,126.3176567,33.30431716
1359,250253.7651,3688235.639,126.3176552,33.30431581,250253.7651,3688235.639,126.3176552,33.30431581
1360,250253.6302,3688235.497,126.3176538,33.3043145,250253.6302,3688235.497,126.3176538,33.3043145
1361,250253.5106,3688235.343,126.3176526,33.30431308,250253.5106,3688235.343,126.3176526,33.30431308
1362,250253.3804,3688235.197,126.3176512,33.30431174,250253.3804,3688235.197,126.3176512,33.30431174
1363,250253.2493,3688235.049,126.3176499,33.30431037,250253.2493,3688235.049,126.3176499,33.30431037
1364,250253.1388,3688234.887,126.3176487,33.30430889,250253.1388,3688234.887,126.3176487,33.30430889
1365,250253.0185,3688234.729,126.3176475,33.30430744,250253.0185,3688234.729,126.3176475,33.30430744
1366,250252.8938,3688234.576,126.3176462,33.30430603,250252.8938,3688234.576,126.3176462,33.30430603
1367,250252.7806,3688234.412,126.317645,33.30430453,250252.7806,3688234.412,126.317645,33.30430453
1368,250252.6728,3688234.248,126.3176439,33.30430302,250252.6728,3688234.248,126.3176439,33.30430302
1369,250252.5795,3688234.073,126.317643,33.30430143,250252.5795,3688234.073,126.317643,33.30430143
1370,250252.4773,3688233.902,126.3176419,33.30429986,250252.4773,3688233.902,126.3176419,33.30429986
1371,250252.3861,3688233.73,126.317641,33.30429829,250252.3861,3688233.73,126.317641,33.30429829
1372,250252.3065,3688233.552,126.3176402,33.30429667,250252.3065,3688233.552,126.3176402,33.30429667
1373,250252.2265,3688233.374,126.3176394,33.30429505,250252.2265,3688233.374,126.3176394,33.30429505
1374,250252.1518,3688233.192,126.3176386,33.30429339,250252.1518,3688233.192,126.3176386,33.30429339
1375,250252.1164,3688232.998,126.3176383,33.30429163,250252.1164,3688232.998,126.3176383,33.30429163
1376,250252.0706,3688232.805,126.3176378,33.30428988,250252.0706,3688232.805,126.3176378,33.30428988
1377,250252.0494,3688232.611,126.3176377,33.30428813,250252.0494,3688232.611,126.3176377,33.30428813
1378,250252.0285,3688232.417,126.3176375,33.30428638,250252.0285,3688232.417,126.3176375,33.30428638
1379,250252.0257,3688232.221,126.3176375,33.30428461,250252.0257,3688232.221,126.3176375,33.30428461
1380,250252.0497,3688232.023,126.3176378,33.30428283,250252.0497,3688232.023,126.3176378,33.30428283
1381,250252.0996,3688231.832,126.3176384,33.30428112,250252.0996,3688231.832,126.3176384,33.30428112
1382,250252.1367,3688231.64,126.3176389,33.3042794,250252.1367,3688231.64,126.3176389,33.3042794
1383,250252.1781,3688231.449,126.3176394,33.30427769,250252.1781,3688231.449,126.3176394,33.30427769
1384,250252.2265,3688231.258,126.3176399,33.30427598,250252.2265,3688231.258,126.3176399,33.30427598
1385,250252.3105,3688231.082,126.3176409,33.30427441,250252.3105,3688231.082,126.3176409,33.30427441
1386,250252.3743,3688230.898,126.3176416,33.30427277,250252.3743,3688230.898,126.3176416,33.30427277
1387,250252.4245,3688230.711,126.3176422,33.3042711,250252.4245,3688230.711,126.3176422,33.3042711
1388,250252.5135,3688230.539,126.3176432,33.30426957,250252.5135,3688230.539,126.3176432,33.30426957
1389,250252.5771,3688230.354,126.317644,33.30426792,250252.5771,3688230.354,126.317644,33.30426792
1390,250252.6495,3688230.171,126.3176448,33.30426628,250252.6495,3688230.171,126.3176448,33.30426628
1391,250252.7478,3688230.001,126.3176459,33.30426478,250252.7478,3688230.001,126.3176459,33.30426478
1392,250252.8555,3688229.839,126.3176471,33.30426334,250252.8555,3688229.839,126.3176471,33.30426334
1393,250252.9402,3688229.663,126.317648,33.30426177,250252.9402,3688229.663,126.317648,33.30426177
1394,250253.0539,3688229.503,126.3176493,33.30426036,250253.0539,3688229.503,126.3176493,33.30426036
1395,250253.1715,3688229.344,126.3176506,33.30425895,250253.1715,3688229.344,126.3176506,33.30425895
1396,250253.2827,3688229.18,126.3176518,33.3042575,250253.2827,3688229.18,126.3176518,33.3042575
1397,250253.4147,3688229.034,126.3176533,33.30425622,250253.4147,3688229.034,126.3176533,33.30425622
1398,250253.5156,3688228.863,126.3176544,33.3042547,250253.5156,3688228.863,126.3176544,33.3042547
1399,250253.6358,3688228.712,126.3176558,33.30425337,250253.6358,3688228.712,126.3176558,33.30425337
1400,250253.7572,3688228.557,126.3176571,33.304252,250253.7572,3688228.557,126.3176571,33.304252
1401,250253.8827,3688228.406,126.3176585,33.30425067,250253.8827,3688228.406,126.3176585,33.30425067
1402,250254.0089,3688228.257,126.3176599,33.30424935,250254.0089,3688228.257,126.3176599,33.30424935
1403,250254.1442,3688228.118,126.3176614,33.30424813,250254.1442,3688228.118,126.3176614,33.30424813
1404,250254.2967,3688227.996,126.3176631,33.30424707,250254.2967,3688227.996,126.3176631,33.30424707
1405,250254.4341,3688227.855,126.3176646,33.30424583,250254.4341,3688227.855,126.3176646,33.30424583
1406,250254.5901,3688227.737,126.3176663,33.3042448,250254.5901,3688227.737,126.3176663,33.3042448
1407,250254.7398,3688227.608,126.3176679,33.30424368,250254.7398,3688227.608,126.3176679,33.30424368
1408,250254.8892,3688227.482,126.3176696,33.30424258,250254.8892,3688227.482,126.3176696,33.30424258
1409,250255.0424,3688227.36,126.3176712,33.30424151,250255.0424,3688227.36,126.3176712,33.30424151
1410,250255.1933,3688227.24,126.3176729,33.30424047,250255.1933,3688227.24,126.3176729,33.30424047
1411,250255.3354,3688227.108,126.3176744,33.30423931,250255.3354,3688227.108,126.3176744,33.30423931
1412,250255.4903,3688226.985,126.3176761,33.30423824,250255.4903,3688226.985,126.3176761,33.30423824
1413,250255.6444,3688226.865,126.3176778,33.30423719,250255.6444,3688226.865,126.3176778,33.30423719
1414,250255.808,3688226.752,126.3176796,33.30423621,250255.808,3688226.752,126.3176796,33.30423621
1415,250255.972,3688226.64,126.3176814,33.30423524,250255.972,3688226.64,126.3176814,33.30423524
1416,250256.1159,3688226.503,126.317683,33.30423404,250256.1159,3688226.503,126.317683,33.30423404
1417,250256.2747,3688226.391,126.3176847,33.30423307,250256.2747,3688226.391,126.3176847,33.30423307
1418,250256.431,3688226.275,126.3176864,33.30423206,250256.431,3688226.275,126.3176864,33.30423206
1419,250256.5789,3688226.143,126.3176881,33.3042309,250256.5789,3688226.143,126.3176881,33.3042309
1420,250256.7429,3688226.03,126.3176898,33.30422992,250256.7429,3688226.03,126.3176898,33.30422992
1421,250256.8911,3688225.903,126.3176915,33.30422881,250256.8911,3688225.903,126.3176915,33.30422881
1422,250257.0467,3688225.788,126.3176932,33.30422781,250257.0467,3688225.788,126.3176932,33.30422781
1423,250257.1952,3688225.656,126.3176948,33.30422666,250257.1952,3688225.656,126.3176948,33.30422666
1424,250257.3419,3688225.524,126.3176964,33.3042255,250257.3419,3688225.524,126.3176964,33.3042255
1425,250257.4913,3688225.393,126.3176981,33.30422436,250257.4913,3688225.393,126.3176981,33.30422436
1426,250257.6492,3688225.277,126.3176998,33.30422335,250257.6492,3688225.277,126.3176998,33.30422335
1427,250257.8026,3688225.154,126.3177015,33.30422228,250257.8026,3688225.154,126.3177015,33.30422228
1428,250257.9525,3688225.025,126.3177031,33.30422115,250257.9525,3688225.025,126.3177031,33.30422115
1429,250258.0999,3688224.896,126.3177047,33.30422002,250258.0999,3688224.896,126.3177047,33.30422002
1430,250258.2517,3688224.773,126.3177064,33.30421895,250258.2517,3688224.773,126.3177064,33.30421895
1431,250258.4056,3688224.653,126.3177081,33.3042179,250258.4056,3688224.653,126.3177081,33.3042179
1432,250258.5477,3688224.529,126.3177096,33.30421682,250258.5477,3688224.529,126.3177096,33.30421682
1433,250258.7101,3688224.413,126.3177114,33.30421581,250258.7101,3688224.413,126.3177114,33.30421581
1434,250258.8513,3688224.279,126.317713,33.30421463,250258.8513,3688224.279,126.317713,33.30421463
1435,250258.9936,3688224.143,126.3177145,33.30421344,250258.9936,3688224.143,126.3177145,33.30421344
1436,250259.1454,3688224.024,126.3177162,33.30421241,250259.1454,3688224.024,126.3177162,33.30421241
1437,250259.2783,3688223.882,126.3177176,33.30421116,250259.2783,3688223.882,126.3177176,33.30421116
1438,250259.4173,3688223.743,126.3177192,33.30420994,250259.4173,3688223.743,126.3177192,33.30420994
1439,250259.5613,3688223.609,126.3177208,33.30420876,250259.5613,3688223.609,126.3177208,33.30420876
1440,250259.7048,3688223.471,126.3177223,33.30420755,250259.7048,3688223.471,126.3177223,33.30420755
1441,250259.8569,3688223.345,126.317724,33.30420645,250259.8569,3688223.345,126.317724,33.30420645
1442,250259.9998,3688223.207,126.3177256,33.30420524,250259.9998,3688223.207,126.3177256,33.30420524
1443,250260.1519,3688223.08,126.3177272,33.30420413,250260.1519,3688223.08,126.3177272,33.30420413
1444,250260.2904,3688222.943,126.3177288,33.30420293,250260.2904,3688222.943,126.3177288,33.30420293
1445,250260.4424,3688222.815,126.3177304,33.30420181,250260.4424,3688222.815,126.3177304,33.30420181
1446,250260.5981,3688222.698,126.3177321,33.30420079,250260.5981,3688222.698,126.3177321,33.30420079
1447,250260.754,3688222.576,126.3177338,33.30419973,250260.754,3688222.576,126.3177338,33.30419973
1448,250260.9217,3688222.472,126.3177357,33.30419883,250260.9217,3688222.472,126.3177357,33.30419883
1449,250261.0731,3688222.35,126.3177373,33.30419777,250261.0731,3688222.35,126.3177373,33.30419777
1450,250261.2422,3688222.253,126.3177392,33.30419693,250261.2422,3688222.253,126.3177392,33.30419693
1451,250261.4103,3688222.154,126.317741,33.30419608,250261.4103,3688222.154,126.317741,33.30419608
1452,250261.5842,3688222.059,126.3177429,33.30419527,250261.5842,3688222.059,126.3177429,33.30419527
1453,250261.7633,3688221.978,126.3177448,33.30419458,250261.7633,3688221.978,126.3177448,33.30419458
1454,250261.9384,3688221.893,126.3177467,33.30419385,250261.9384,3688221.893,126.3177467,33.30419385
1455,250262.1223,3688221.829,126.3177487,33.30419332,250262.1223,3688221.829,126.3177487,33.30419332
1456,250262.3142,3688221.778,126.3177508,33.3041929,250262.3142,3688221.778,126.3177508,33.3041929
1457,250262.5084,3688221.747,126.3177529,33.30419267,250262.5084,3688221.747,126.3177529,33.30419267
1458,250262.7047,3688221.723,126.317755,33.3041925,250262.7047,3688221.723,126.317755,33.3041925
1459,250262.9022,3688221.718,126.3177571,33.3041925,250262.9022,3688221.718,126.3177571,33.3041925
1460,250263.0969,3688221.694,126.3177592,33.30419233,250263.0969,3688221.694,126.3177592,33.30419233
1461,250263.2944,3688221.718,126.3177613,33.30419259,250263.2944,3688221.718,126.3177613,33.30419259
1462,250263.4914,3688221.726,126.3177634,33.30419271,250263.4914,3688221.726,126.3177634,33.30419271
1463,250263.6841,3688221.772,126.3177655,33.30419317,250263.6841,3688221.772,126.3177655,33.30419317
1464,250263.8815,3688221.799,126.3177676,33.30419346,250263.8815,3688221.799,126.3177676,33.30419346
1465,250264.0599,3688221.877,126.3177695,33.3041942,250264.0599,3688221.877,126.3177695,33.3041942
1466,250264.2477,3688221.943,126.3177715,33.30419484,250264.2477,3688221.943,126.3177715,33.30419484
1467,250264.4355,3688222.008,126.3177735,33.30419547,250264.4355,3688222.008,126.3177735,33.30419547
1468,250264.6139,3688222.092,126.3177754,33.30419627,250264.6139,3688222.092,126.3177754,33.30419627
1469,250264.7936,3688222.178,126.3177773,33.30419708,250264.7936,3688222.178,126.3177773,33.30419708
1470,250264.9746,3688222.251,126.3177792,33.30419778,250264.9746,3688222.251,126.3177792,33.30419778
1471,250265.1434,3688222.345,126.317781,33.30419867,250265.1434,3688222.345,126.317781,33.30419867
1472,250265.3233,3688222.422,126.3177829,33.3041994,250265.3233,3688222.422,126.3177829,33.3041994
1473,250265.4987,3688222.515,126.3177848,33.30420028,250265.4987,3688222.515,126.3177848,33.30420028
1474,250265.6691,3688222.611,126.3177866,33.30420119,250265.6691,3688222.611,126.3177866,33.30420119
1475,250265.8404,3688222.712,126.3177884,33.30420214,250265.8404,3688222.712,126.3177884,33.30420214
1476,250266.0055,3688222.819,126.3177901,33.30420314,250266.0055,3688222.819,126.3177901,33.30420314
1477,250266.1589,3688222.938,126.3177917,33.30420425,250266.1589,3688222.938,126.3177917,33.30420425
1478,250266.3056,3688223.066,126.3177933,33.30420543,250266.3056,3688223.066,126.3177933,33.30420543
1479,250266.4421,3688223.205,126.3177947,33.30420672,250266.4421,3688223.205,126.3177947,33.30420672
1480,250266.5757,3688223.348,126.3177961,33.30420804,250266.5757,3688223.348,126.3177961,33.30420804
1481,250266.7215,3688223.483,126.3177976,33.30420929,250266.7215,3688223.483,126.3177976,33.30420929
1482,250266.8428,3688223.64,126.3177989,33.30421073,250266.8428,3688223.64,126.3177989,33.30421073
1483,250266.986,3688223.777,126.3178004,33.304212,250266.986,3688223.777,126.3178004,33.304212
1484,250267.1217,3688223.917,126.3178018,33.30421329,250267.1217,3688223.917,126.3178018,33.30421329
1485,250267.6564,3688224.503,126.3178074,33.30421869,250267.6564,3688224.503,126.3178074,33.30421869
1486,250268.1651,3688225.112,126.3178127,33.3042243,250268.1647,3688225.111,126.3178127,33.30422429
1487,250268.6528,3688225.739,126.3178177,33.30423006,250268.6508,3688225.737,126.3178177,33.30423004
1488,250269.1257,3688226.381,126.3178226,33.30423596,250269.1198,3688226.374,126.3178226,33.30423589
1489,250269.5907,3688227.033,126.3178274,33.30424194,250269.578,3688227.016,126.3178273,33.30424178
1490,250270.0552,3688227.69,126.3178322,33.30424796,250270.032,3688227.657,126.317832,33.30424767
1491,250270.5267,3688228.346,126.3178371,33.30425398,250270.4882,3688228.291,126.3178367,33.30425348
1492,250271.0122,3688228.997,126.3178421,33.30425996,250270.9528,3688228.913,126.3178415,33.30425919
1493,250271.5177,3688229.64,126.3178474,33.30426587,250271.4309,3688229.518,126.3178465,33.30426475
1494,250272.0701,3688230.299,126.3178531,33.30427194,250271.9471,3688230.128,126.3178519,33.30427037
1495,250272.2173,3688230.463,126.3178547,33.30427345,250272.0665,3688230.252,126.3178531,33.30427152
1496,250272.3653,3688230.63,126.3178562,33.30427499,250272.1841,3688230.376,126.3178543,33.30427266
1497,250272.5197,3688230.793,126.3178578,33.3042765,250272.3054,3688230.494,126.3178556,33.30427375
1498,250272.6694,3688230.964,126.3178594,33.30427807,250272.4199,3688230.614,126.3178568,33.30427486
1499,250272.8239,3688231.134,126.317861,33.30427964,250272.5368,3688230.73,126.317858,33.30427593
1500,250272.98,3688231.305,126.3178626,33.30428121,250272.6526,3688230.843,126.3178592,33.30427697
1501,250273.135,3688231.48,126.3178642,33.30428282,250272.7656,3688230.956,126.3178604,33.30427802
1502,250273.289,3688231.658,126.3178658,33.30428447,250272.8755,3688231.07,126.3178616,33.30427907
1503,250273.4457,3688231.837,126.3178675,33.30428611,250272.986,3688231.18,126.3178627,33.30428009
1504,250273.6048,3688232.016,126.3178691,33.30428777,250273.0966,3688231.288,126.3178639,33.30428109
1505,250273.7662,3688232.196,126.3178708,33.30428942,250273.2076,3688231.393,126.317865,33.30428206
1506,250273.9289,3688232.377,126.3178725,33.30429109,250273.3177,3688231.496,126.3178662,33.30428301
1507,250274.0897,3688232.562,126.3178742,33.3042928,250273.4247,3688231.6,126.3178673,33.30428397
1508,250274.2566,3688232.744,126.3178759,33.30429447,250273.5352,3688231.697,126.3178685,33.30428488
1509,250274.4258,3688232.926,126.3178777,33.30429616,250273.6459,3688231.794,126.3178696,33.30428577
1510,250274.5924,3688233.113,126.3178794,33.30429788,250273.7532,3688231.89,126.3178707,33.30428666
1511,250274.7579,3688233.303,126.3178811,33.30429963,250273.8581,3688231.987,126.3178718,33.30428756
1512,250274.9234,3688233.495,126.3178829,33.3043014,250273.9617,3688232.083,126.3178729,33.30428845
1513,250275.0887,3688233.689,126.3178846,33.30430318,250274.0642,3688232.177,126.317874,33.30428932
1514,250275.2543,3688233.885,126.3178863,33.30430499,250274.1656,3688232.271,126.3178751,33.30429019
1515,250275.4238,3688234.08,126.3178881,33.30430678,250274.2688,3688232.36,126.3178762,33.30429102
1516,250275.5979,3688234.272,126.3178899,33.30430855,250274.3744,3688232.447,126.3178773,33.30429183
1517,250275.7724,3688234.466,126.3178917,33.30431034,250274.479,3688232.532,126.3178784,33.30429262
1518,250275.9448,3688234.663,126.3178935,33.30431216,250274.5811,3688232.618,126.3178794,33.30429341
1519,250276.1154,3688234.864,126.3178953,33.30431401,250274.6811,3688232.704,126.3178805,33.30429421
1520,250276.2889,3688235.063,126.3178971,33.30431584,250274.7823,3688232.788,126.3178815,33.30429499
1521,250276.4619,3688235.265,126.3178989,33.3043177,250274.8822,3688232.87,126.3178826,33.30429576
1522,250276.6347,3688235.468,126.3179007,33.30431957,250274.9814,3688232.953,126.3178836,33.30429652
1523,250276.8071,3688235.673,126.3179025,33.30432146,250275.0795,3688233.035,126.3178847,33.30429728
1524,250276.98,3688235.879,126.3179043,33.30432336,250275.1773,3688233.116,126.3178857,33.30429804
1525,250277.1549,3688236.084,126.3179061,33.30432524,250275.2756,3688233.194,126.3178867,33.30429876
1526,250277.3307,3688236.29,126.3179079,33.30432714,250275.3738,3688233.272,126.3178878,33.30429949
1527,250277.5065,3688236.498,126.3179098,33.30432905,250275.4713,3688233.349,126.3178888,33.30430021
1528,250277.6791,3688236.709,126.3179115,33.30433099,250275.5666,3688233.427,126.3178898,33.30430094
1529,250277.8582,3688236.915,126.3179134,33.30433289,250275.6647,3688233.502,126.3178908,33.30430163
1530,250278.0392,3688237.119,126.3179153,33.30433477,250275.7631,3688233.575,126.3178919,33.30430231
1531,250278.2182,3688237.328,126.3179172,33.30433669,250275.86,3688233.649,126.3178929,33.304303
1532,250278.3955,3688237.538,126.317919,33.30433863,250275.9553,3688233.723,126.3178939,33.30430369
1533,250278.5718,3688237.751,126.3179208,33.30434058,250276.0499,3688233.797,126.3178949,33.30430438
1534,250278.7451,3688237.966,126.3179226,33.30434256,250276.1425,3688233.872,126.3178958,33.30430508
1535,250278.9201,3688238.18,126.3179245,33.30434454,250276.2356,3688233.946,126.3178968,33.30430576
1536,250279.0971,3688238.394,126.3179263,33.3043465,250276.3291,3688234.019,126.3178978,33.30430644
1537,250279.2796,3688238.603,126.3179282,33.30434843,250276.4243,3688234.09,126.3178988,33.3043071
1538,250279.4521,3688238.821,126.31793,33.30435043,250276.5151,3688234.164,126.3178998,33.30430779
1539,250279.6376,3688239.027,126.3179319,33.30435233,250276.6104,3688234.234,126.3179008,33.30430844
1540,250279.8102,3688239.247,126.3179337,33.30435435,250276.7005,3688234.308,126.3179017,33.30430914
1541,250279.9928,3688239.456,126.3179356,33.30435628,250276.7937,3688234.379,126.3179027,33.30430979
1542,250280.1705,3688239.671,126.3179375,33.30435826,250276.8848,3688234.452,126.3179036,33.30431047
1543,250280.3539,3688239.881,126.3179394,33.30436019,250276.9773,3688234.522,126.3179046,33.30431113
1544,250280.5354,3688240.092,126.3179413,33.30436214,250277.0686,3688234.595,126.3179056,33.3043118
1545,250280.7172,3688240.303,126.3179432,33.30436408,250277.1596,3688234.667,126.3179065,33.30431247
1546,250280.8927,3688240.52,126.317945,33.30436608,250277.2483,3688234.741,126.3179075,33.30431316
1547,250281.0686,3688240.737,126.3179468,33.30436807,250277.3367,3688234.816,126.3179084,33.30431386
1548,250281.244,3688240.953,126.3179486,33.30437006,250277.4246,3688234.891,126.3179093,33.30431455
1549,250281.4199,3688241.17,126.3179505,33.30437205,250277.5124,3688234.966,126.3179102,33.30431525
1550,250281.596,3688241.386,126.3179523,33.30437404,250277.5999,3688235.042,126.3179112,33.30431596
1551,250281.7683,3688241.604,126.3179541,33.30437604,250277.686,3688235.119,126.3179121,33.30431667
1552,250281.9368,3688241.825,126.3179558,33.30437808,250277.7711,3688235.198,126.3179129,33.3043174
1553,250282.1049,3688242.046,126.3179576,33.30438011,250277.856,3688235.277,126.3179138,33.30431813
1554,250282.2782,3688242.262,126.3179594,33.30438209,250277.9419,3688235.356,126.3179147,33.30431886
1555,250282.4487,3688242.479,126.3179611,33.30438409,250278.0268,3688235.436,126.3179156,33.3043196
1556,250282.6152,3688242.685,126.3179629,33.30438598,250278.0763,3688235.472,126.3179161,33.30431994
1557,250282.7841,3688242.905,126.3179646,33.304388,250278.1623,3688235.56,126.317917,33.30432075
1558,250282.952,3688243.125,126.3179664,33.30439002,250278.2497,3688235.648,126.317918,33.30432157
1559,250283.1214,3688243.343,126.3179681,33.30439203,250278.341,3688235.734,126.3179189,33.30432236
1560,250283.2905,3688243.559,126.3179699,33.30439401,250278.4325,3688235.821,126.3179199,33.30432316
1561,250283.4618,3688243.773,126.3179716,33.30439598,250278.5219,3688235.91,126.3179208,33.30432399
1562,250283.6336,3688243.985,126.3179734,33.30439793,250278.6158,3688235.997,126.3179218,33.30432479
1563,250283.8045,3688244.197,126.3179752,33.30439988,250278.7088,3688236.086,126.3179228,33.30432562
1564,250283.9709,3688244.41,126.3179769,33.30440184,250278.7987,3688236.179,126.3179237,33.30432647
1565,250284.1348,3688244.625,126.3179786,33.30440381,250278.8856,3688236.276,126.3179246,33.30432737
1566,250284.2983,3688244.839,126.3179803,33.30440578,250278.9762,3688236.371,126.3179256,33.30432825
1567,250284.4601,3688245.052,126.317982,33.30440774,250279.0696,3688236.466,126.3179265,33.30432912
1568,250284.6204,3688245.265,126.3179837,33.30440969,250279.1654,3688236.56,126.3179275,33.30432999
1569,250284.7836,3688245.474,126.3179854,33.30441161,250279.2599,3688236.656,126.3179285,33.30433088
1570,250284.9447,3688245.683,126.317987,33.30441353,250279.356,3688236.753,126.3179295,33.30433178
1571,250285.1019,3688245.894,126.3179887,33.30441547,250279.4592,3688236.845,126.3179306,33.30433263
1572,250285.2601,3688246.101,126.3179903,33.30441737,250279.5606,3688236.942,126.3179317,33.30433353
1573,250285.42,3688246.306,126.317992,33.30441926,250279.6594,3688237.042,126.3179327,33.30433445
1574,250285.5782,3688246.51,126.3179936,33.30442113,250279.7566,3688237.146,126.3179337,33.30433541
1575,250285.7371,3688246.711,126.3179952,33.30442298,250279.8534,3688237.252,126.3179347,33.30433638
1576,250285.8898,3688246.916,126.3179968,33.30442487,250279.9495,3688237.361,126.3179357,33.30433739
1577,250286.0443,3688247.117,126.3179984,33.30442671,250280.0462,3688237.471,126.3179367,33.30433841
1578,250286.2021,3688247.313,126.3180001,33.30442851,250280.1529,3688237.575,126.3179378,33.30433937
1579,250286.3552,3688247.51,126.3180017,33.30443033,250280.2627,3688237.679,126.317939,33.30434033
1580,250286.5115,3688247.704,126.3180033,33.3044321,250280.3712,3688237.786,126.3179401,33.30434132
1581,250286.6686,3688247.892,126.3180049,33.30443384,250280.4771,3688237.898,126.3179412,33.30434235
1582,250286.8252,3688248.079,126.3180065,33.30443556,250280.5835,3688238.012,126.3179423,33.3043434
1583,250286.9906,3688248.256,126.3180083,33.30443719,250280.6931,3688238.126,126.3179435,33.30434446
1584,250287.1452,3688248.439,126.3180099,33.30443888,250280.8021,3688238.243,126.3179446,33.30434553
1585,250287.3021,3688248.618,126.3180115,33.30444053,250280.9113,3688238.363,126.3179458,33.30434664
1586,250287.4546,3688248.798,126.3180131,33.30444218,250281.0205,3688238.485,126.3179469,33.30434777
1587,250287.6122,3688248.971,126.3180147,33.30444377,250281.1323,3688238.607,126.3179481,33.3043489
1588,250287.7706,3688249.139,126.3180164,33.30444533,250281.2474,3688238.731,126.3179493,33.30435004
1589,250287.9193,3688249.314,126.3180179,33.30444694,250281.3642,3688238.855,126.3179505,33.30435118
1590,250288.0616,3688249.491,126.3180194,33.30444857,250281.4795,3688238.985,126.3179517,33.30435238
1591,250288.2059,3688249.664,126.3180209,33.30445015,250281.5974,3688239.113,126.3179529,33.30435357
1592,250288.3491,3688249.834,126.3180224,33.30445172,250281.7243,3688239.238,126.3179543,33.30435472
1593,250288.5006,3688249.993,126.318024,33.30445319,250281.8503,3688239.367,126.3179556,33.30435591
1594,250288.6421,3688250.158,126.3180255,33.30445471,250281.9752,3688239.5,126.3179569,33.30435714
1595,250288.783,3688250.319,126.3180269,33.3044562,250282.0999,3688239.638,126.3179582,33.3043584
1596,250288.9305,3688250.472,126.3180285,33.30445761,250282.2233,3688239.779,126.3179595,33.30435971
1597,250289.0765,3688250.622,126.31803,33.30445899,250282.346,3688239.925,126.3179607,33.30436105
1598,250289.2197,3688250.771,126.3180315,33.30446037,250282.4729,3688240.07,126.3179621,33.30436238
1599,250289.3508,3688250.928,126.3180329,33.30446181,250282.6081,3688240.211,126.3179635,33.30436369
1600,250289.4877,3688251.076,126.3180343,33.30446318,250282.7392,3688240.36,126.3179648,33.30436506
1601,250289.6118,3688251.232,126.3180356,33.30446461,250282.8776,3688240.504,126.3179663,33.30436639
1602,250289.74,3688251.386,126.3180369,33.30446603,250283.0113,3688240.652,126.3179677,33.30436776
1603,250289.8651,3688251.542,126.3180382,33.30446746,250283.1466,3688240.799,126.3179691,33.30436911
1604,250289.9895,3688251.699,126.3180395,33.30446891,250283.2825,3688240.946,126.3179705,33.30437047
1605,250290.1238,3688251.847,126.3180409,33.30447027,250283.4235,3688241.087,126.317972,33.30437177
1606,250290.2535,3688251.999,126.3180422,33.30447167,250283.5631,3688241.231,126.3179734,33.3043731
1607,250290.3803,3688252.154,126.3180436,33.3044731,250283.7026,3688241.374,126.3179749,33.30437442
1608,250290.5117,3688252.304,126.3180449,33.30447448,250283.8376,3688241.521,126.3179763,33.30437578
1609,250290.6403,3688252.457,126.3180463,33.30447589,250283.97,3688241.671,126.3179777,33.30437716
1610,250290.7721,3688252.608,126.3180476,33.30447728,250284.1027,3688241.821,126.3179791,33.30437854
1611,250290.9088,3688252.754,126.3180491,33.30447862,250284.2357,3688241.97,126.3179804,33.30437991
1612,250291.0374,3688252.907,126.3180504,33.30448003,250284.3696,3688242.119,126.3179818,33.30438129
1613,250291.1756,3688253.052,126.3180519,33.30448137,250284.5019,3688242.269,126.3179832,33.30438267
1614,250291.3107,3688253.199,126.3180533,33.30448273,250284.6307,3688242.422,126.3179846,33.30438408
1615,250291.4487,3688253.344,126.3180547,33.30448407,250284.756,3688242.578,126.3179859,33.30438551
1616,250291.5844,3688253.491,126.3180561,33.30448542,250284.8829,3688242.732,126.3179872,33.30438693
1617,250291.7191,3688253.639,126.3180575,33.30448679,250285.014,3688242.883,126.3179885,33.30438832
1618,250291.8505,3688253.789,126.3180589,33.30448817,250285.1453,3688243.034,126.3179899,33.30438971
1619,250291.9913,3688253.931,126.3180604,33.30448948,250285.2765,3688243.185,126.3179913,33.3043911
1620,250292.1329,3688254.073,126.3180618,33.30449079,250285.404,3688243.339,126.3179926,33.30439252
1621,250292.275,3688254.213,126.3180633,33.30449209,250285.5309,3688243.494,126.3179939,33.30439395
1622,250292.4175,3688254.354,126.3180648,33.30449339,250285.6589,3688243.647,126.3179953,33.30439535
1623,250292.5563,3688254.498,126.3180663,33.30449472,250285.7886,3688243.799,126.3179966,33.30439675
1624,250292.6944,3688254.642,126.3180677,33.30449605,250285.9211,3688243.949,126.317998,33.30439814
1625,250292.8286,3688254.791,126.3180691,33.30449742,250286.0537,3688244.099,126.3179994,33.30439952
1626,250292.9655,3688254.936,126.3180705,33.30449876,250286.1846,3688244.25,126.3180007,33.30440091
1627,250293.0936,3688255.09,126.3180719,33.30450018,250286.3128,3688244.404,126.3180021,33.30440233
1628,250293.218,3688255.246,126.3180732,33.30450161,250286.4393,3688244.559,126.3180034,33.30440375
1629,250293.3463,3688255.4,126.3180745,33.30450303,250286.5658,3688244.714,126.3180047,33.30440518
1630,250293.4726,3688255.555,126.3180758,33.30450446,250286.691,3688244.869,126.318006,33.3044066
1631,250293.5983,3688255.711,126.3180771,33.30450589,250286.8148,3688245.027,126.3180073,33.30440806
1632,250293.7254,3688255.865,126.3180784,33.30450731,250286.943,3688245.18,126.3180086,33.30440946
1633,250293.8519,3688256.02,126.3180797,33.30450873,250287.0696,3688245.335,126.3180099,33.30441089
1634,250293.9798,3688256.174,126.3180811,33.30451015,250287.192,3688245.493,126.3180112,33.30441234
1635,250294.1066,3688256.328,126.3180824,33.30451157,250287.317,3688245.649,126.3180125,33.30441378
1636,250294.2271,3688256.488,126.3180836,33.30451304,250287.4447,3688245.803,126.3180138,33.30441519
1637,250294.3457,3688256.649,126.3180849,33.30451452,250287.5726,3688245.957,126.3180151,33.30441661
1638,250294.4675,3688256.807,126.3180861,33.30451597,250287.7006,3688246.11,126.3180165,33.30441802
1639,250294.5932,3688256.963,126.3180874,33.3045174,250287.8239,3688246.268,126.3180178,33.30441947
1640,250294.7115,3688257.123,126.3180887,33.30451887,250287.9511,3688246.422,126.3180191,33.30442089
1641,250294.8274,3688257.286,126.3180899,33.30452037,250288.0801,3688246.575,126.3180204,33.3044223
1642,250294.9494,3688257.444,126.3180911,33.30452182,250288.2071,3688246.729,126.3180217,33.30442371
1643,250295.0732,3688257.602,126.3180924,33.30452327,250288.3388,3688246.88,126.3180231,33.3044251
1644,250295.1996,3688257.757,126.3180937,33.3045247,250288.4709,3688247.03,126.3180245,33.30442649
1645,250295.3296,3688257.909,126.3180951,33.3045261,250288.6126,3688247.171,126.318026,33.30442779
1646,250295.4601,3688258.06,126.3180964,33.30452749,250288.7484,3688247.317,126.3180274,33.30442914
1647,250295.5941,3688258.208,126.3180978,33.30452885,250288.8835,3688247.465,126.3180288,33.3044305
1648,250295.7267,3688258.358,126.3180992,33.30453023,250289.0178,3688247.613,126.3180302,33.30443187
1649,250295.8676,3688258.5,126.3181007,33.30453155,250289.156,3688247.758,126.3180316,33.3044332
1650,250295.9976,3688258.652,126.318102,33.30453295,250289.2972,3688247.899,126.3180331,33.30443451
1651,250296.1231,3688258.808,126.3181033,33.30453438,250289.4329,3688248.046,126.3180345,33.30443586
1652,250296.265,3688258.949,126.3181048,33.30453568,250289.5634,3688248.198,126.3180359,33.30443726
1653,250296.3946,3688259.101,126.3181062,33.30453708,250289.6922,3688248.351,126.3180372,33.30443867
1654,250296.4412,3688259.154,126.3181067,33.30453757,250289.8229,3688248.502,126.3180386,33.30444006
1655,250296.5096,3688259.228,126.3181074,33.30453825,250289.9604,3688248.647,126.31804,33.3044414
1656,250296.597,3688259.321,126.3181083,33.30453911,250290.0957,3688248.794,126.3180414,33.30444276
1657,250296.7004,3688259.431,126.3181094,33.30454013,250290.2279,3688248.944,126.3180428,33.30444414
1658,250296.817,3688259.553,126.3181106,33.30454125,250290.3672,3688249.088,126.3180443,33.30444547
1659,250296.9439,3688259.686,126.3181119,33.30454248,250290.5081,3688249.23,126.3180457,33.30444678
1660,250297.078,3688259.825,126.3181133,33.30454376,250290.6471,3688249.373,126.3180472,33.3044481
1661,250297.2166,3688259.97,126.3181148,33.3045451,250290.78,3688249.523,126.3180486,33.30444948
1662,,,,,250290.9134,3688249.672,126.31805,33.30445086
1663,,,,,250291.0444,3688249.822,126.3180513,33.30445224
1664,,,,,250291.1699,3688249.978,126.3180526,33.30445367
1665,,,,,250291.2979,3688250.132,126.318054,33.30445509
1666,,,,,250291.4229,3688250.288,126.3180553,33.30445653
1667,,,,,250291.5493,3688250.443,126.3180566,33.30445795
1668,,,,,250291.6824,3688250.592,126.318058,33.30445932
1669,,,,,250291.8111,3688250.745,126.3180593,33.30446073
1670,,,,,250291.9393,3688250.898,126.3180606,33.30446214
1671,,,,,250292.0696,3688251.05,126.318062,33.30446354
1672,,,,,250292.1993,3688251.202,126.3180633,33.30446494
1673,,,,,250292.334,3688251.35,126.3180648,33.3044663
1674,,,,,250292.4661,3688251.5,126.3180661,33.30446769
1675,,,,,250292.6003,3688251.648,126.3180675,33.30446905
1676,,,,,250292.7365,3688251.795,126.3180689,33.30447041
1677,,,,,250292.8736,3688251.94,126.3180704,33.30447175
1678,,,,,250293.01,3688252.086,126.3180718,33.30447309
1679,,,,,250293.1451,3688252.234,126.3180732,33.30447446
1680,,,,,250293.2775,3688252.384,126.3180746,33.30447584
1681,,,,,250293.416,3688252.528,126.318076,33.30447717
1682,,,,,250293.5578,3688252.669,126.3180775,33.30447847
1683,,,,,250293.6999,3688252.81,126.318079,33.30447978
1684,,,,,250293.8424,3688252.95,126.3180805,33.30448107
1685,,,,,250293.9813,3688253.094,126.3180819,33.3044824
1686,,,,,250294.1193,3688253.239,126.3180834,33.30448374
1687,,,,,250294.2547,3688253.386,126.3180848,33.30448509
1688,,,,,250294.3906,3688253.533,126.3180862,33.30448645
1689,,,,,250294.5236,3688253.682,126.3180876,33.30448782
1690,,,,,250294.6512,3688253.836,126.3180889,33.30448924
1691,,,,,250294.776,3688253.992,126.3180902,33.30449068
1692,,,,,250294.9042,3688254.146,126.3180916,33.30449209
1693,,,,,250295.0304,3688254.301,126.3180929,33.30449352
1694,,,,,250295.1562,3688254.456,126.3180942,33.30449494
1695,,,,,250295.2832,3688254.611,126.3180955,33.30449637
1696,,,,,250295.41,3688254.765,126.3180968,33.30449779
1697,,,,,250295.5378,3688254.919,126.3180981,33.3044992
1698,,,,,250295.6642,3688255.074,126.3180995,33.30450063
1699,,,,,250295.7872,3688255.232,126.3181007,33.30450208
1700,,,,,250295.9039,3688255.394,126.3181019,33.30450357
1701,,,,,250296.0254,3688255.553,126.3181032,33.30450503
1702,,,,,250296.1501,3688255.709,126.3181045,33.30450646
1703,,,,,250296.2766,3688255.864,126.3181058,33.30450789
1704,,,,,250296.3847,3688256.032,126.3181069,33.30450943
1705,,,,,250296.5075,3688256.19,126.3181082,33.30451088
1706,,,,,250296.631,3688256.348,126.3181095,33.30451233
1707,,,,,250296.7581,3688256.502,126.3181108,33.30451375
1708,,,,,250296.8882,3688256.654,126.3181122,33.30451515
1709,,,,,250297.0205,3688256.804,126.3181135,33.30451653
1710,,,,,250297.1533,3688256.953,126.3181149,33.3045179
1711,,,,,250297.2918,3688257.098,126.3181164,33.30451924
1712,,,,,250297.4265,3688257.245,126.3181178,33.3045206
1713,,,,,250297.5542,3688257.399,126.3181191,33.30452202
1714,,,,,250297.6101,3688257.463,126.3181197,33.30452261
1715,,,,,250297.6925,3688257.554,126.3181205,33.30452345
1716,,,,,250297.7979,3688257.668,126.3181216,33.3045245
1717,,,,,250297.9229,3688257.802,126.3181229,33.30452573
1718,,,,,250298.0638,3688257.951,126.3181244,33.30452711
1719,,,,,250298.2172,3688258.113,126.318126,33.3045286
1720,,,,,250298.3795,3688258.283,126.3181277,33.30453017
1721,,,,,250298.5472,3688258.459,126.3181295,33.3045318
